Version,Size,Threads,Run,FOM,Time
OpenMP,30,1,1,2392.237,1.1
OpenMP,30,1,2,2384.6099,1.1
OpenMP,30,1,3,2361.1707,1.1
OpenMP,30,1,4,2371.1347,1.1
OpenMP,30,1,5,2378.1782,1.1
OpenMP,30,1,6,2392.3443,1.1
OpenMP,30,1,7,2382.4009,1.1
OpenMP,30,1,8,2395.1877,1.1
OpenMP,30,1,9,2392.9409,1.1
OpenMP,30,1,10,2393.7356,1.1
OpenMP,30,2,1,3376.1646,0.8
OpenMP,30,2,2,3366.5571,0.8
OpenMP,30,2,3,3362.0518,0.8
OpenMP,30,2,4,3389.2251,0.8
OpenMP,30,2,5,3418.8757,0.79
OpenMP,30,2,6,3368.6687,0.8
OpenMP,30,2,7,3359.2153,0.8
OpenMP,30,2,8,3372.7917,0.8
OpenMP,30,2,9,3339.1122,0.81
OpenMP,30,2,10,3397.6647,0.79
OpenMP,30,4,1,5497.0449,0.49
OpenMP,30,4,2,5561.6519,0.49
OpenMP,30,4,3,5486.5146,0.49
OpenMP,30,4,4,5444.5098,0.5
OpenMP,30,4,5,5500.5539,0.49
OpenMP,30,4,6,5603.9592,0.48
OpenMP,30,4,7,5497.8874,0.49
OpenMP,30,4,8,5559.007,0.49
OpenMP,30,4,9,5567.3538,0.48
OpenMP,30,4,10,5435.5997,0.5
OpenMP,30,8,1,7356.8786,0.37
OpenMP,30,8,2,7353.4634,0.37
OpenMP,30,8,3,7454.8846,0.36
OpenMP,30,8,4,7377.0598,0.37
OpenMP,30,8,5,7970.3372,0.34
OpenMP,30,8,6,7941.5824,0.34
OpenMP,30,8,7,7782.851,0.35
OpenMP,30,8,8,7755.8059,0.35
OpenMP,30,8,9,7702.4043,0.35
OpenMP,30,8,10,7632.0118,0.35
OpenMP,30,16,1,6764.8032,0.4
OpenMP,30,16,2,6561.9059,0.41
OpenMP,30,16,3,6742.3149,0.4
OpenMP,30,16,4,6532.2119,0.41
OpenMP,30,16,5,6591.4408,0.41
OpenMP,30,16,6,6428.8729,0.42
OpenMP,30,16,7,6629.7348,0.41
OpenMP,30,16,8,6624.2297,0.41
OpenMP,30,16,9,6672.5075,0.4
OpenMP,30,16,10,6151.5988,0.44
OpenMP,30,32,1,5035.7985,0.54
OpenMP,30,32,2,4846.2392,0.56
OpenMP,30,32,3,4635.4261,0.58
OpenMP,30,32,4,4831.2257,0.56
OpenMP,30,32,5,4883.6803,0.55
OpenMP,30,32,6,4874.9596,0.55
OpenMP,30,32,7,4866.2166,0.55
OpenMP,30,32,8,4867.8364,0.55
OpenMP,30,32,9,4887.2285,0.55
OpenMP,30,32,10,4476.9699,0.6
OpenMP,45,1,1,2395.6656,3.8
OpenMP,45,1,2,2384.4937,3.8
OpenMP,45,1,3,2399.2253,3.8
OpenMP,45,1,4,2401.4729,3.8
OpenMP,45,1,5,2400.005,3.8
OpenMP,45,1,6,2420.2898,3.8
OpenMP,45,1,7,2396.9415,3.8
OpenMP,45,1,8,2416.9724,3.8
OpenMP,45,1,9,2414.6054,3.8
OpenMP,45,1,10,2415.1829,3.8
OpenMP,45,2,1,3372.7495,2.7
OpenMP,45,2,2,3347.387,2.7
OpenMP,45,2,3,3371.0133,2.7
OpenMP,45,2,4,3355.5016,2.7
OpenMP,45,2,5,3363.9237,2.7
OpenMP,45,2,6,3359.8148,2.7
OpenMP,45,2,7,3357.9061,2.7
OpenMP,45,2,8,3375.0719,2.7
OpenMP,45,2,9,3352.3576,2.7
OpenMP,45,2,10,3357.1957,2.7
OpenMP,45,4,1,5253.6742,1.7
OpenMP,45,4,2,5298.7999,1.7
OpenMP,45,4,3,5229.2322,1.7
OpenMP,45,4,4,5233.0065,1.7
OpenMP,45,4,5,5211.4803,1.7
OpenMP,45,4,6,5192.1002,1.8
OpenMP,45,4,7,5161.2045,1.8
OpenMP,45,4,8,5170.4369,1.8
OpenMP,45,4,9,5180.7777,1.8
OpenMP,45,4,10,5304.6248,1.7
OpenMP,45,8,1,6953.066,1.3
OpenMP,45,8,2,6735.3939,1.4
OpenMP,45,8,3,6790.696,1.3
OpenMP,45,8,4,6691.0734,1.4
OpenMP,45,8,5,6556.6078,1.4
OpenMP,45,8,6,6759.8415,1.3
OpenMP,45,8,7,6608.6618,1.4
OpenMP,45,8,8,6666.6701,1.4
OpenMP,45,8,9,6642.7006,1.4
OpenMP,45,8,10,6675.8266,1.4
OpenMP,45,16,1,7535.9179,1.2
OpenMP,45,16,2,7070.1508,1.3
OpenMP,45,16,3,7208.6866,1.3
OpenMP,45,16,4,7393.3337,1.2
OpenMP,45,16,5,7311.7174,1.2
OpenMP,45,16,6,7476.223,1.2
OpenMP,45,16,7,7172.3008,1.3
OpenMP,45,16,8,7383.3228,1.2
OpenMP,45,16,9,7376.1381,1.2
OpenMP,45,16,10,7257.8293,1.3
OpenMP,45,32,1,6320.9232,1.4
OpenMP,45,32,2,6212.4406,1.5
OpenMP,45,32,3,6012.776,1.5
OpenMP,45,32,4,5908.0747,1.5
OpenMP,45,32,5,6245.2298,1.5
OpenMP,45,32,6,5999.6451,1.5
OpenMP,45,32,7,6099.0382,1.5
OpenMP,45,32,8,6087.9935,1.5
OpenMP,45,32,9,6020.6133,1.5
OpenMP,45,32,10,6095.4643,1.5
OpenMP,60,1,1,2385.0615,9.1
OpenMP,60,1,2,2386.7039,9.1
OpenMP,60,1,3,2375.5506,9.1
OpenMP,60,1,4,2423.1268,8.9
OpenMP,60,1,5,2383.939,9.1
OpenMP,60,1,6,2414.8658,8.9
OpenMP,60,1,7,2402.158,9.0
OpenMP,60,1,8,2429.6905,8.9
OpenMP,60,1,9,2413.7895,8.9
OpenMP,60,1,10,2404.6502,9.0
OpenMP,60,2,1,3332.2112,6.5
OpenMP,60,2,2,3316.8546,6.5
OpenMP,60,2,3,3295.9858,6.6
OpenMP,60,2,4,3325.8655,6.5
OpenMP,60,2,5,3309.2785,6.5
OpenMP,60,2,6,3292.8068,6.6
OpenMP,60,2,7,3294.4653,6.6
OpenMP,60,2,8,3301.5255,6.5
OpenMP,60,2,9,3316.8503,6.5
OpenMP,60,2,10,3288.1671,6.6
OpenMP,60,4,1,5000.5548,4.3
OpenMP,60,4,2,4994.4563,4.3
OpenMP,60,4,3,5027.1795,4.3
OpenMP,60,4,4,5002.0672,4.3
OpenMP,60,4,5,4974.5044,4.3
OpenMP,60,4,6,5012.0081,4.3
OpenMP,60,4,7,4962.1916,4.4
OpenMP,60,4,8,4975.8638,4.3
OpenMP,60,4,9,4954.3396,4.4
OpenMP,60,4,10,5000.5422,4.3
OpenMP,60,8,1,6197.5194,3.5
OpenMP,60,8,2,6149.2307,3.5
OpenMP,60,8,3,6160.7974,3.5
OpenMP,60,8,4,6155.8799,3.5
OpenMP,60,8,5,6224.2508,3.5
OpenMP,60,8,6,6122.9226,3.5
OpenMP,60,8,7,6052.5498,3.6
OpenMP,60,8,8,6196.698,3.5
OpenMP,60,8,9,6102.2125,3.5
OpenMP,60,8,10,6130.522,3.5
OpenMP,60,16,1,6638.2706,3.3
OpenMP,60,16,2,6486.3184,3.3
OpenMP,60,16,3,6565.5361,3.3
OpenMP,60,16,4,6514.1112,3.3
OpenMP,60,16,5,6497.3488,3.3
OpenMP,60,16,6,6498.868,3.3
OpenMP,60,16,7,6535.4341,3.3
OpenMP,60,16,8,6428.5747,3.4
OpenMP,60,16,9,6462.0105,3.3
OpenMP,60,16,10,6515.7929,3.3
OpenMP,60,32,1,6123.1215,3.5
OpenMP,60,32,2,5933.8732,3.6
OpenMP,60,32,3,5963.3146,3.6
OpenMP,60,32,4,5936.0473,3.6
OpenMP,60,32,5,6026.2195,3.6
OpenMP,60,32,6,6031.3065,3.6
OpenMP,60,32,7,6027.1796,3.6
OpenMP,60,32,8,5956.2856,3.6
OpenMP,60,32,9,5979.875,3.6
OpenMP,60,32,10,5916.9745,3.7
OpenMP,90,1,1,2070.8851,35.0
OpenMP,90,1,2,2061.9111,35.0
OpenMP,90,1,3,2046.0348,36.0
OpenMP,90,1,4,2043.5361,36.0
OpenMP,90,1,5,2035.7618,36.0
OpenMP,90,1,6,2032.3436,36.0
OpenMP,90,1,7,2034.1715,36.0
OpenMP,90,1,8,2041.3675,36.0
OpenMP,90,1,9,2041.9472,36.0
OpenMP,90,1,10,2041.7818,36.0
OpenMP,90,2,1,2838.9181,26.0
OpenMP,90,2,2,2833.0667,26.0
OpenMP,90,2,3,2840.3776,26.0
OpenMP,90,2,4,2842.4727,26.0
OpenMP,90,2,5,2847.21,26.0
OpenMP,90,2,6,2820.5191,26.0
OpenMP,90,2,7,2834.0965,26.0
OpenMP,90,2,8,2841.4449,26.0
OpenMP,90,2,9,2839.18,26.0
OpenMP,90,2,10,2846.2401,26.0
OpenMP,90,4,1,4364.5581,17.0
OpenMP,90,4,2,4347.4745,17.0
OpenMP,90,4,3,4342.0197,17.0
OpenMP,90,4,4,4338.9959,17.0
OpenMP,90,4,5,4387.5697,17.0
OpenMP,90,4,6,4354.1029,17.0
OpenMP,90,4,7,4389.8013,17.0
OpenMP,90,4,8,4372.3048,17.0
OpenMP,90,4,9,4360.0401,17.0
OpenMP,90,4,10,4371.7759,17.0
OpenMP,90,8,1,5458.6495,13.0
OpenMP,90,8,2,5410.1591,13.0
OpenMP,90,8,3,5442.7241,13.0
OpenMP,90,8,4,5445.7155,13.0
OpenMP,90,8,5,5481.6284,13.0
OpenMP,90,8,6,5448.8378,13.0
OpenMP,90,8,7,5462.514,13.0
OpenMP,90,8,8,5440.6487,13.0
OpenMP,90,8,9,5437.1216,13.0
OpenMP,90,8,10,5429.2274,13.0
OpenMP,90,16,1,5664.6284,13.0
OpenMP,90,16,2,5745.3032,13.0
OpenMP,90,16,3,5749.7519,13.0
OpenMP,90,16,4,5706.2223,13.0
OpenMP,90,16,5,5755.847,13.0
OpenMP,90,16,6,5665.5157,13.0
OpenMP,90,16,7,5774.6429,13.0
OpenMP,90,16,8,5668.8239,13.0
OpenMP,90,16,9,5676.9185,13.0
OpenMP,90,16,10,5764.2251,13.0
OpenMP,90,32,1,5102.9745,14.0
OpenMP,90,32,2,5158.1431,14.0
OpenMP,90,32,3,5172.9219,14.0
OpenMP,90,32,4,5265.517,14.0
OpenMP,90,32,5,5268.0287,14.0
OpenMP,90,32,6,5192.9084,14.0
OpenMP,90,32,7,5206.918,14.0
OpenMP,90,32,8,5203.4669,14.0
OpenMP,90,32,9,5160.7835,14.0
OpenMP,90,32,10,5268.7462,14.0
Kokkos-OpenMP,30,1,1,2528.1514,1.07
Kokkos-OpenMP,30,1,2,2538.2524,1.06
Kokkos-OpenMP,30,1,3,2549.4162,1.06
Kokkos-OpenMP,30,1,4,2558.8197,1.06
Kokkos-OpenMP,30,1,5,2565.6473,1.05
Kokkos-OpenMP,30,1,6,2549.4595,1.06
Kokkos-OpenMP,30,1,7,2555.1656,1.06
Kokkos-OpenMP,30,1,8,2556.0654,1.06
Kokkos-OpenMP,30,1,9,2565.5571,1.05
Kokkos-OpenMP,30,1,10,2547.7563,1.06
Kokkos-OpenMP,30,2,1,3671.3914,0.74
Kokkos-OpenMP,30,2,2,3694.4852,0.73
Kokkos-OpenMP,30,2,3,3677.3519,0.73
Kokkos-OpenMP,30,2,4,3613.3405,0.75
Kokkos-OpenMP,30,2,5,3675.2645,0.73
Kokkos-OpenMP,30,2,6,3630.0813,0.74
Kokkos-OpenMP,30,2,7,3668.2739,0.74
Kokkos-OpenMP,30,2,8,3682.9298,0.73
Kokkos-OpenMP,30,2,9,3715.4157,0.73
Kokkos-OpenMP,30,2,10,3725.9778,0.72
Kokkos-OpenMP,30,4,1,5692.5996,0.47
Kokkos-OpenMP,30,4,2,6626.7914,0.41
Kokkos-OpenMP,30,4,3,6669.7628,0.4
Kokkos-OpenMP,30,4,4,6432.247,0.42
Kokkos-OpenMP,30,4,5,6742.6337,0.4
Kokkos-OpenMP,30,4,6,6575.5506,0.41
Kokkos-OpenMP,30,4,7,6814.654,0.4
Kokkos-OpenMP,30,4,8,6680.4564,0.4
Kokkos-OpenMP,30,4,9,6770.0054,0.4
Kokkos-OpenMP,30,4,10,6724.7988,0.4
Kokkos-OpenMP,30,8,1,10723.648,0.25
Kokkos-OpenMP,30,8,2,10768.47,0.25
Kokkos-OpenMP,30,8,3,10727.781,0.25
Kokkos-OpenMP,30,8,4,10365.002,0.26
Kokkos-OpenMP,30,8,5,10539.629,0.26
Kokkos-OpenMP,30,8,6,10808.647,0.25
Kokkos-OpenMP,30,8,7,10852.832,0.25
Kokkos-OpenMP,30,8,8,10864.404,0.25
Kokkos-OpenMP,30,8,9,10807.522,0.25
Kokkos-OpenMP,30,8,10,11001.414,0.25
Kokkos-OpenMP,30,16,1,10884.288,0.25
Kokkos-OpenMP,30,16,2,10690.444,0.25
Kokkos-OpenMP,30,16,3,10999.98,0.25
Kokkos-OpenMP,30,16,4,11013.261,0.25
Kokkos-OpenMP,30,16,5,10933.742,0.25
Kokkos-OpenMP,30,16,6,11153.983,0.24
Kokkos-OpenMP,30,16,7,11071.881,0.24
Kokkos-OpenMP,30,16,8,10900.283,0.25
Kokkos-OpenMP,30,16,9,10951.348,0.25
Kokkos-OpenMP,30,16,10,11218.541,0.24
Kokkos-OpenMP,30,32,1,5442.2866,0.5
Kokkos-OpenMP,30,32,2,8644.3429,0.31
Kokkos-OpenMP,30,32,3,8804.6828,0.31
Kokkos-OpenMP,30,32,4,8706.1949,0.31
Kokkos-OpenMP,30,32,5,8421.2628,0.32
Kokkos-OpenMP,30,32,6,8695.7362,0.31
Kokkos-OpenMP,30,32,7,8807.5262,0.31
Kokkos-OpenMP,30,32,8,8818.8606,0.31
Kokkos-OpenMP,30,32,9,8902.6055,0.3
Kokkos-OpenMP,30,32,10,7780.7108,0.35
Kokkos-OpenMP,45,1,1,2008.7851,4.54
Kokkos-OpenMP,45,1,2,2040.2255,4.47
Kokkos-OpenMP,45,1,3,1962.1033,4.64
Kokkos-OpenMP,45,1,4,2037.5718,4.47
Kokkos-OpenMP,45,1,5,2043.5482,4.46
Kokkos-OpenMP,45,1,6,2008.9051,4.54
Kokkos-OpenMP,45,1,7,2056.6472,4.43
Kokkos-OpenMP,45,1,8,2066.6658,4.41
Kokkos-OpenMP,45,1,9,2019.0733,4.51
Kokkos-OpenMP,45,1,10,2034.4035,4.48
Kokkos-OpenMP,45,2,1,3614.3503,2.52
Kokkos-OpenMP,45,2,2,3610.2663,2.52
Kokkos-OpenMP,45,2,3,3631.5762,2.51
Kokkos-OpenMP,45,2,4,3616.0183,2.52
Kokkos-OpenMP,45,2,5,3636.7678,2.51
Kokkos-OpenMP,45,2,6,3640.8814,2.5
Kokkos-OpenMP,45,2,7,3581.1017,2.54
Kokkos-OpenMP,45,2,8,3626.6824,2.51
Kokkos-OpenMP,45,2,9,3628.0902,2.51
Kokkos-OpenMP,45,2,10,3644.6793,2.5
Kokkos-OpenMP,45,4,1,6379.721,1.43
Kokkos-OpenMP,45,4,2,6409.4358,1.42
Kokkos-OpenMP,45,4,3,6403.8325,1.42
Kokkos-OpenMP,45,4,4,6340.0919,1.44
Kokkos-OpenMP,45,4,5,6419.0301,1.42
Kokkos-OpenMP,45,4,6,6426.7398,1.42
Kokkos-OpenMP,45,4,7,6376.4264,1.43
Kokkos-OpenMP,45,4,8,6385.9131,1.43
Kokkos-OpenMP,45,4,9,6368.4675,1.43
Kokkos-OpenMP,45,4,10,6374.5619,1.43
Kokkos-OpenMP,45,8,1,10029.298,0.91
Kokkos-OpenMP,45,8,2,10015.684,0.91
Kokkos-OpenMP,45,8,3,9905.1282,0.92
Kokkos-OpenMP,45,8,4,10021.798,0.91
Kokkos-OpenMP,45,8,5,10006.929,0.91
Kokkos-OpenMP,45,8,6,9939.3549,0.92
Kokkos-OpenMP,45,8,7,9985.0539,0.91
Kokkos-OpenMP,45,8,8,9825.5394,0.93
Kokkos-OpenMP,45,8,9,9943.6174,0.92
Kokkos-OpenMP,45,8,10,10035.472,0.91
Kokkos-OpenMP,45,16,1,12559.178,0.73
Kokkos-OpenMP,45,16,2,12727.026,0.72
Kokkos-OpenMP,45,16,3,12569.607,0.72
Kokkos-OpenMP,45,16,4,12555.561,0.73
Kokkos-OpenMP,45,16,5,12770.117,0.71
Kokkos-OpenMP,45,16,6,12584.397,0.72
Kokkos-OpenMP,45,16,7,12615.565,0.72
Kokkos-OpenMP,45,16,8,12747.109,0.71
Kokkos-OpenMP,45,16,9,12518.752,0.73
Kokkos-OpenMP,45,16,10,12628.852,0.72
Kokkos-OpenMP,45,32,1,10449.252,0.87
Kokkos-OpenMP,45,32,2,10264.992,0.89
Kokkos-OpenMP,45,32,3,10453.207,0.87
Kokkos-OpenMP,45,32,4,9633.7331,0.95
Kokkos-OpenMP,45,32,5,10527.088,0.87
Kokkos-OpenMP,45,32,6,10362.992,0.88
Kokkos-OpenMP,45,32,7,10502.579,0.87
Kokkos-OpenMP,45,32,8,10440.56,0.87
Kokkos-OpenMP,45,32,9,10612.75,0.86
Kokkos-OpenMP,45,32,10,10060.579,0.91
Kokkos-OpenMP,60,1,1,2041.9731,10.58
Kokkos-OpenMP,60,1,2,2094.0303,10.32
Kokkos-OpenMP,60,1,3,2023.4808,10.67
Kokkos-OpenMP,60,1,4,2024.8354,10.67
Kokkos-OpenMP,60,1,5,2102.5327,10.27
Kokkos-OpenMP,60,1,6,2107.9797,10.25
Kokkos-OpenMP,60,1,7,2074.3276,10.41
Kokkos-OpenMP,60,1,8,2103.2489,10.27
Kokkos-OpenMP,60,1,9,2021.2624,10.69
Kokkos-OpenMP,60,1,10,2040.9837,10.58
Kokkos-OpenMP,60,2,1,3519.1464,6.14
Kokkos-OpenMP,60,2,2,3505.7855,6.16
Kokkos-OpenMP,60,2,3,3517.6569,6.14
Kokkos-OpenMP,60,2,4,3527.4838,6.12
Kokkos-OpenMP,60,2,5,3495.545,6.18
Kokkos-OpenMP,60,2,6,3487.3735,6.19
Kokkos-OpenMP,60,2,7,3480.5089,6.21
Kokkos-OpenMP,60,2,8,3504.3397,6.16
Kokkos-OpenMP,60,2,9,3517.3121,6.14
Kokkos-OpenMP,60,2,10,3462.5112,6.24
Kokkos-OpenMP,60,4,1,5769.9736,3.74
Kokkos-OpenMP,60,4,2,5819.3731,3.71
Kokkos-OpenMP,60,4,3,5702.1498,3.79
Kokkos-OpenMP,60,4,4,5799.4486,3.72
Kokkos-OpenMP,60,4,5,5695.4365,3.79
Kokkos-OpenMP,60,4,6,5799.4798,3.72
Kokkos-OpenMP,60,4,7,5777.3274,3.74
Kokkos-OpenMP,60,4,8,5801.2305,3.72
Kokkos-OpenMP,60,4,9,5803.9179,3.72
Kokkos-OpenMP,60,4,10,5806.3892,3.72
Kokkos-OpenMP,60,8,1,8230.6408,2.62
Kokkos-OpenMP,60,8,2,8287.5281,2.61
Kokkos-OpenMP,60,8,3,8200.5085,2.63
Kokkos-OpenMP,60,8,4,8218.0117,2.63
Kokkos-OpenMP,60,8,5,8266.2087,2.61
Kokkos-OpenMP,60,8,6,8123.3638,2.66
Kokkos-OpenMP,60,8,7,8206.3938,2.63
Kokkos-OpenMP,60,8,8,8245.1591,2.62
Kokkos-OpenMP,60,8,9,8307.5933,2.6
Kokkos-OpenMP,60,8,10,8211.6039,2.63
Kokkos-OpenMP,60,16,1,10526.531,2.05
Kokkos-OpenMP,60,16,2,10564.693,2.04
Kokkos-OpenMP,60,16,3,10544.64,2.05
Kokkos-OpenMP,60,16,4,10461.654,2.06
Kokkos-OpenMP,60,16,5,10392.89,2.08
Kokkos-OpenMP,60,16,6,10457.683,2.07
Kokkos-OpenMP,60,16,7,10468.322,2.06
Kokkos-OpenMP,60,16,8,10531.849,2.05
Kokkos-OpenMP,60,16,9,10442.814,2.07
Kokkos-OpenMP,60,16,10,10691.0,2.02
Kokkos-OpenMP,60,32,1,9223.3551,2.34
Kokkos-OpenMP,60,32,2,9326.437,2.32
Kokkos-OpenMP,60,32,3,9173.8366,2.35
Kokkos-OpenMP,60,32,4,9281.6318,2.33
Kokkos-OpenMP,60,32,5,9152.5113,2.36
Kokkos-OpenMP,60,32,6,9350.0543,2.31
Kokkos-OpenMP,60,32,7,9261.4468,2.33
Kokkos-OpenMP,60,32,8,9429.1192,2.29
Kokkos-OpenMP,60,32,9,9198.5468,2.35
Kokkos-OpenMP,60,32,10,9285.554,2.33
Kokkos-OpenMP,90,1,1,1962.6807,37.14
Kokkos-OpenMP,90,1,2,1991.4011,36.61
Kokkos-OpenMP,90,1,3,1983.4572,36.75
Kokkos-OpenMP,90,1,4,1906.5928,38.24
Kokkos-OpenMP,90,1,5,1974.0008,36.93
Kokkos-OpenMP,90,1,6,1946.3602,37.45
Kokkos-OpenMP,90,1,7,2004.1435,36.37
Kokkos-OpenMP,90,1,8,1933.2424,37.71
Kokkos-OpenMP,90,1,9,2030.512,35.9
Kokkos-OpenMP,90,1,10,1984.9037,36.73
Kokkos-OpenMP,90,2,1,3531.6344,20.64
Kokkos-OpenMP,90,2,2,3541.3029,20.59
Kokkos-OpenMP,90,2,3,3539.9136,20.59
Kokkos-OpenMP,90,2,4,3518.6882,20.72
Kokkos-OpenMP,90,2,5,3550.9241,20.53
Kokkos-OpenMP,90,2,6,3525.4381,20.68
Kokkos-OpenMP,90,2,7,3551.7025,20.53
Kokkos-OpenMP,90,2,8,3542.9737,20.58
Kokkos-OpenMP,90,2,9,3520.0395,20.71
Kokkos-OpenMP,90,2,10,3527.5203,20.67
Kokkos-OpenMP,90,4,1,5849.566,12.46
Kokkos-OpenMP,90,4,2,5844.0411,12.47
Kokkos-OpenMP,90,4,3,5911.5367,12.33
Kokkos-OpenMP,90,4,4,5919.1214,12.32
Kokkos-OpenMP,90,4,5,5935.0075,12.28
Kokkos-OpenMP,90,4,6,5889.1369,12.38
Kokkos-OpenMP,90,4,7,5922.4226,12.31
Kokkos-OpenMP,90,4,8,5929.661,12.29
Kokkos-OpenMP,90,4,9,5820.3263,12.53
Kokkos-OpenMP,90,4,10,5897.4666,12.36
Kokkos-OpenMP,90,8,1,8096.3872,9.0
Kokkos-OpenMP,90,8,2,8095.9988,9.0
Kokkos-OpenMP,90,8,3,8144.1358,8.95
Kokkos-OpenMP,90,8,4,8114.7942,8.98
Kokkos-OpenMP,90,8,5,8179.6425,8.91
Kokkos-OpenMP,90,8,6,8132.4539,8.96
Kokkos-OpenMP,90,8,7,7992.1486,9.12
Kokkos-OpenMP,90,8,8,8113.4395,8.99
Kokkos-OpenMP,90,8,9,8149.6012,8.95
Kokkos-OpenMP,90,8,10,8119.3213,8.98
Kokkos-OpenMP,90,16,1,9189.0737,7.93
Kokkos-OpenMP,90,16,2,9204.9023,7.92
Kokkos-OpenMP,90,16,3,9207.3693,7.92
Kokkos-OpenMP,90,16,4,9217.2949,7.91
Kokkos-OpenMP,90,16,5,9170.6534,7.95
Kokkos-OpenMP,90,16,6,9197.8387,7.93
Kokkos-OpenMP,90,16,7,9200.785,7.92
Kokkos-OpenMP,90,16,8,9208.9046,7.92
Kokkos-OpenMP,90,16,9,9199.3139,7.92
Kokkos-OpenMP,90,16,10,9230.7423,7.9
Kokkos-OpenMP,90,32,1,7998.241,9.11
Kokkos-OpenMP,90,32,2,8152.8075,8.94
Kokkos-OpenMP,90,32,3,8021.2492,9.09
Kokkos-OpenMP,90,32,4,7953.6623,9.17
Kokkos-OpenMP,90,32,5,8016.6068,9.09
Kokkos-OpenMP,90,32,6,7993.407,9.12
Kokkos-OpenMP,90,32,7,7988.6839,9.13
Kokkos-OpenMP,90,32,8,7999.1705,9.11
Kokkos-OpenMP,90,32,9,7963.2619,9.15
Kokkos-OpenMP,90,32,10,7979.1146,9.14
