report_dir,case_id,version,section,mpi_ranks,omp_threads,size,iters,elapsed_s,fom,energy,max_abs_diff,status,run_completed,warn_openfabrics,warn_ucx,warn_pmix,warn_orte,local_host,local_device,num_processors_seen,num_threads_seen,metrics_path,log_path,slurm_out_path,slurm_err_path,manifest_path
/home/fzj/桌面/ppn/PPN-KLULES/cluster/stage3-slotpe-rank/stage3-cluster-bindcore-sechybrid-verbaseline-s20-i20-hyb1x96-8x12-27x3-20260504_171249,baseline_hybrid_np1_t96_s20_i20_bindcore_20260504_171249,baseline,hybrid,1,96,20,20,0.33,484.14997,1.297886e+06,8.731149e-11,PASS,yes,yes,no,no,no,node60,mlx5_0,1,96,/home/fzj/桌面/ppn/PPN-KLULES/cluster/stage3-slotpe-rank/stage3-cluster-bindcore-sechybrid-verbaseline-s20-i20-hyb1x96-8x12-27x3-20260504_171249/baseline_hybrid_np1_t96_s20_i20_bindcore_20260504_171249.metrics.csv,/home/fzj/桌面/ppn/PPN-KLULES/cluster/stage3-slotpe-rank/stage3-cluster-bindcore-sechybrid-verbaseline-s20-i20-hyb1x96-8x12-27x3-20260504_171249/baseline_hybrid_np1_t96_s20_i20_bindcore_20260504_171249.log,/home/fzj/桌面/ppn/PPN-KLULES/cluster/stage3-slotpe-rank/stage3-cluster-bindcore-sechybrid-verbaseline-s20-i20-hyb1x96-8x12-27x3-20260504_171249/baseline_hybrid_np1_t96_s20_i20_bindcore_20260504_171249.slurm.out,/home/fzj/桌面/ppn/PPN-KLULES/cluster/stage3-slotpe-rank/stage3-cluster-bindcore-sechybrid-verbaseline-s20-i20-hyb1x96-8x12-27x3-20260504_171249/baseline_hybrid_np1_t96_s20_i20_bindcore_20260504_171249.slurm.err,/home/fzj/桌面/ppn/PPN-KLULES/cluster/stage3-slotpe-rank/stage3-cluster-bindcore-sechybrid-verbaseline-s20-i20-hyb1x96-8x12-27x3-20260504_171249/manifest.csv
/home/fzj/桌面/ppn/PPN-KLULES/cluster/stage3-slotpe-rank/stage3-cluster-bindcore-sechybrid-verbaseline-s20-i20-hyb1x96-8x12-27x3-20260504_171249,baseline_hybrid_np27_t3_s20_i20_bindcore_20260504_171249,baseline,hybrid,27,3,20,20,0.15,29090.381,3.504293e+07,1.396984e-09,PASS,yes,yes,no,no,no,node60,mlx5_0,27,3,/home/fzj/桌面/ppn/PPN-KLULES/cluster/stage3-slotpe-rank/stage3-cluster-bindcore-sechybrid-verbaseline-s20-i20-hyb1x96-8x12-27x3-20260504_171249/baseline_hybrid_np27_t3_s20_i20_bindcore_20260504_171249.metrics.csv,/home/fzj/桌面/ppn/PPN-KLULES/cluster/stage3-slotpe-rank/stage3-cluster-bindcore-sechybrid-verbaseline-s20-i20-hyb1x96-8x12-27x3-20260504_171249/baseline_hybrid_np27_t3_s20_i20_bindcore_20260504_171249.log,/home/fzj/桌面/ppn/PPN-KLULES/cluster/stage3-slotpe-rank/stage3-cluster-bindcore-sechybrid-verbaseline-s20-i20-hyb1x96-8x12-27x3-20260504_171249/baseline_hybrid_np27_t3_s20_i20_bindcore_20260504_171249.slurm.out,/home/fzj/桌面/ppn/PPN-KLULES/cluster/stage3-slotpe-rank/stage3-cluster-bindcore-sechybrid-verbaseline-s20-i20-hyb1x96-8x12-27x3-20260504_171249/baseline_hybrid_np27_t3_s20_i20_bindcore_20260504_171249.slurm.err,/home/fzj/桌面/ppn/PPN-KLULES/cluster/stage3-slotpe-rank/stage3-cluster-bindcore-sechybrid-verbaseline-s20-i20-hyb1x96-8x12-27x3-20260504_171249/manifest.csv
/home/fzj/桌面/ppn/PPN-KLULES/cluster/stage3-slotpe-rank/stage3-cluster-bindcore-sechybrid-verbaseline-s20-i20-hyb1x96-8x12-27x3-20260504_171249,baseline_hybrid_np8_t12_s20_i20_bindcore_20260504_171249,baseline,hybrid,8,12,20,20,0.099,12876.045,1.038309e+07,1.164153e-10,PASS,yes,yes,no,no,no,node60,mlx5_0,8,12,/home/fzj/桌面/ppn/PPN-KLULES/cluster/stage3-slotpe-rank/stage3-cluster-bindcore-sechybrid-verbaseline-s20-i20-hyb1x96-8x12-27x3-20260504_171249/baseline_hybrid_np8_t12_s20_i20_bindcore_20260504_171249.metrics.csv,/home/fzj/桌面/ppn/PPN-KLULES/cluster/stage3-slotpe-rank/stage3-cluster-bindcore-sechybrid-verbaseline-s20-i20-hyb1x96-8x12-27x3-20260504_171249/baseline_hybrid_np8_t12_s20_i20_bindcore_20260504_171249.log,/home/fzj/桌面/ppn/PPN-KLULES/cluster/stage3-slotpe-rank/stage3-cluster-bindcore-sechybrid-verbaseline-s20-i20-hyb1x96-8x12-27x3-20260504_171249/baseline_hybrid_np8_t12_s20_i20_bindcore_20260504_171249.slurm.out,/home/fzj/桌面/ppn/PPN-KLULES/cluster/stage3-slotpe-rank/stage3-cluster-bindcore-sechybrid-verbaseline-s20-i20-hyb1x96-8x12-27x3-20260504_171249/baseline_hybrid_np8_t12_s20_i20_bindcore_20260504_171249.slurm.err,/home/fzj/桌面/ppn/PPN-KLULES/cluster/stage3-slotpe-rank/stage3-cluster-bindcore-sechybrid-verbaseline-s20-i20-hyb1x96-8x12-27x3-20260504_171249/manifest.csv
/home/fzj/桌面/ppn/PPN-KLULES/cluster/stage3-slotpe-rank/stage3-cluster-bindcore-sechybrid-verbaseline-s20-i20-hyb8x11-8x12-20260504_171123,baseline_hybrid_np8_t11_s20_i20_bindcore_20260504_171123,baseline,hybrid,8,11,20,20,0.13,9977.0753,1.038309e+07,1.164153e-10,PASS,yes,yes,no,no,no,node60,mlx5_0,8,11,/home/fzj/桌面/ppn/PPN-KLULES/cluster/stage3-slotpe-rank/stage3-cluster-bindcore-sechybrid-verbaseline-s20-i20-hyb8x11-8x12-20260504_171123/baseline_hybrid_np8_t11_s20_i20_bindcore_20260504_171123.metrics.csv,/home/fzj/桌面/ppn/PPN-KLULES/cluster/stage3-slotpe-rank/stage3-cluster-bindcore-sechybrid-verbaseline-s20-i20-hyb8x11-8x12-20260504_171123/baseline_hybrid_np8_t11_s20_i20_bindcore_20260504_171123.log,/home/fzj/桌面/ppn/PPN-KLULES/cluster/stage3-slotpe-rank/stage3-cluster-bindcore-sechybrid-verbaseline-s20-i20-hyb8x11-8x12-20260504_171123/baseline_hybrid_np8_t11_s20_i20_bindcore_20260504_171123.slurm.out,/home/fzj/桌面/ppn/PPN-KLULES/cluster/stage3-slotpe-rank/stage3-cluster-bindcore-sechybrid-verbaseline-s20-i20-hyb8x11-8x12-20260504_171123/baseline_hybrid_np8_t11_s20_i20_bindcore_20260504_171123.slurm.err,/home/fzj/桌面/ppn/PPN-KLULES/cluster/stage3-slotpe-rank/stage3-cluster-bindcore-sechybrid-verbaseline-s20-i20-hyb8x11-8x12-20260504_171123/manifest.csv
/home/fzj/桌面/ppn/PPN-KLULES/cluster/stage3-slotpe-rank/stage3-cluster-bindcore-sechybrid-verbaseline-s20-i20-hyb8x11-8x12-20260504_171123,baseline_hybrid_np8_t12_s20_i20_bindcore_20260504_171123,baseline,hybrid,8,12,20,20,0.1,12240.477,1.038309e+07,1.164153e-10,PASS,yes,yes,no,no,no,node60,mlx5_0,8,12,/home/fzj/桌面/ppn/PPN-KLULES/cluster/stage3-slotpe-rank/stage3-cluster-bindcore-sechybrid-verbaseline-s20-i20-hyb8x11-8x12-20260504_171123/baseline_hybrid_np8_t12_s20_i20_bindcore_20260504_171123.metrics.csv,/home/fzj/桌面/ppn/PPN-KLULES/cluster/stage3-slotpe-rank/stage3-cluster-bindcore-sechybrid-verbaseline-s20-i20-hyb8x11-8x12-20260504_171123/baseline_hybrid_np8_t12_s20_i20_bindcore_20260504_171123.log,/home/fzj/桌面/ppn/PPN-KLULES/cluster/stage3-slotpe-rank/stage3-cluster-bindcore-sechybrid-verbaseline-s20-i20-hyb8x11-8x12-20260504_171123/baseline_hybrid_np8_t12_s20_i20_bindcore_20260504_171123.slurm.out,/home/fzj/桌面/ppn/PPN-KLULES/cluster/stage3-slotpe-rank/stage3-cluster-bindcore-sechybrid-verbaseline-s20-i20-hyb8x11-8x12-20260504_171123/baseline_hybrid_np8_t12_s20_i20_bindcore_20260504_171123.slurm.err,/home/fzj/桌面/ppn/PPN-KLULES/cluster/stage3-slotpe-rank/stage3-cluster-bindcore-sechybrid-verbaseline-s20-i20-hyb8x11-8x12-20260504_171123/manifest.csv
/home/fzj/桌面/ppn/PPN-KLULES/cluster/stage3-slotpe-rank/stage3-cluster-bindcore-sechybrid-verbaseline-s20-i20-hyb8x4-8x8-8x10-20260504_171030,baseline_hybrid_np8_t10_s20_i20_bindcore_20260504_171030,baseline,hybrid,8,10,20,20,0.13,9618.2772,1.038309e+07,1.164153e-10,PASS,yes,yes,no,no,no,node60,mlx5_0,8,10,/home/fzj/桌面/ppn/PPN-KLULES/cluster/stage3-slotpe-rank/stage3-cluster-bindcore-sechybrid-verbaseline-s20-i20-hyb8x4-8x8-8x10-20260504_171030/baseline_hybrid_np8_t10_s20_i20_bindcore_20260504_171030.metrics.csv,/home/fzj/桌面/ppn/PPN-KLULES/cluster/stage3-slotpe-rank/stage3-cluster-bindcore-sechybrid-verbaseline-s20-i20-hyb8x4-8x8-8x10-20260504_171030/baseline_hybrid_np8_t10_s20_i20_bindcore_20260504_171030.log,/home/fzj/桌面/ppn/PPN-KLULES/cluster/stage3-slotpe-rank/stage3-cluster-bindcore-sechybrid-verbaseline-s20-i20-hyb8x4-8x8-8x10-20260504_171030/baseline_hybrid_np8_t10_s20_i20_bindcore_20260504_171030.slurm.out,/home/fzj/桌面/ppn/PPN-KLULES/cluster/stage3-slotpe-rank/stage3-cluster-bindcore-sechybrid-verbaseline-s20-i20-hyb8x4-8x8-8x10-20260504_171030/baseline_hybrid_np8_t10_s20_i20_bindcore_20260504_171030.slurm.err,/home/fzj/桌面/ppn/PPN-KLULES/cluster/stage3-slotpe-rank/stage3-cluster-bindcore-sechybrid-verbaseline-s20-i20-hyb8x4-8x8-8x10-20260504_171030/manifest.csv
/home/fzj/桌面/ppn/PPN-KLULES/cluster/stage3-slotpe-rank/stage3-cluster-bindcore-sechybrid-verbaseline-s20-i20-hyb8x4-8x8-8x10-20260504_171030,baseline_hybrid_np8_t4_s20_i20_bindcore_20260504_171030,baseline,hybrid,8,4,20,20,0.13,10084.408,1.038309e+07,1.164153e-10,PASS,yes,yes,no,no,no,node60,mlx5_0,8,4,/home/fzj/桌面/ppn/PPN-KLULES/cluster/stage3-slotpe-rank/stage3-cluster-bindcore-sechybrid-verbaseline-s20-i20-hyb8x4-8x8-8x10-20260504_171030/baseline_hybrid_np8_t4_s20_i20_bindcore_20260504_171030.metrics.csv,/home/fzj/桌面/ppn/PPN-KLULES/cluster/stage3-slotpe-rank/stage3-cluster-bindcore-sechybrid-verbaseline-s20-i20-hyb8x4-8x8-8x10-20260504_171030/baseline_hybrid_np8_t4_s20_i20_bindcore_20260504_171030.log,/home/fzj/桌面/ppn/PPN-KLULES/cluster/stage3-slotpe-rank/stage3-cluster-bindcore-sechybrid-verbaseline-s20-i20-hyb8x4-8x8-8x10-20260504_171030/baseline_hybrid_np8_t4_s20_i20_bindcore_20260504_171030.slurm.out,/home/fzj/桌面/ppn/PPN-KLULES/cluster/stage3-slotpe-rank/stage3-cluster-bindcore-sechybrid-verbaseline-s20-i20-hyb8x4-8x8-8x10-20260504_171030/baseline_hybrid_np8_t4_s20_i20_bindcore_20260504_171030.slurm.err,/home/fzj/桌面/ppn/PPN-KLULES/cluster/stage3-slotpe-rank/stage3-cluster-bindcore-sechybrid-verbaseline-s20-i20-hyb8x4-8x8-8x10-20260504_171030/manifest.csv
/home/fzj/桌面/ppn/PPN-KLULES/cluster/stage3-slotpe-rank/stage3-cluster-bindcore-sechybrid-verbaseline-s20-i20-hyb8x4-8x8-8x10-20260504_171030,baseline_hybrid_np8_t8_s20_i20_bindcore_20260504_171030,baseline,hybrid,8,8,20,20,0.11,11169.339,1.038309e+07,1.164153e-10,PASS,yes,yes,no,no,no,node60,mlx5_0,8,8,/home/fzj/桌面/ppn/PPN-KLULES/cluster/stage3-slotpe-rank/stage3-cluster-bindcore-sechybrid-verbaseline-s20-i20-hyb8x4-8x8-8x10-20260504_171030/baseline_hybrid_np8_t8_s20_i20_bindcore_20260504_171030.metrics.csv,/home/fzj/桌面/ppn/PPN-KLULES/cluster/stage3-slotpe-rank/stage3-cluster-bindcore-sechybrid-verbaseline-s20-i20-hyb8x4-8x8-8x10-20260504_171030/baseline_hybrid_np8_t8_s20_i20_bindcore_20260504_171030.log,/home/fzj/桌面/ppn/PPN-KLULES/cluster/stage3-slotpe-rank/stage3-cluster-bindcore-sechybrid-verbaseline-s20-i20-hyb8x4-8x8-8x10-20260504_171030/baseline_hybrid_np8_t8_s20_i20_bindcore_20260504_171030.slurm.out,/home/fzj/桌面/ppn/PPN-KLULES/cluster/stage3-slotpe-rank/stage3-cluster-bindcore-sechybrid-verbaseline-s20-i20-hyb8x4-8x8-8x10-20260504_171030/baseline_hybrid_np8_t8_s20_i20_bindcore_20260504_171030.slurm.err,/home/fzj/桌面/ppn/PPN-KLULES/cluster/stage3-slotpe-rank/stage3-cluster-bindcore-sechybrid-verbaseline-s20-i20-hyb8x4-8x8-8x10-20260504_171030/manifest.csv
/home/fzj/桌面/ppn/PPN-KLULES/cluster/stage3-slotpe-rank/stage3-cluster-bindcore-sechybrid-verbaseline-s40-i20-hyb1x96-8x12-27x3-20260504_170821,baseline_hybrid_np1_t96_s40_i20_bindcore_20260504_170821,baseline,hybrid,1,96,40,20,0.37,3431.7313,1.038309e+07,1.164153e-10,PASS,yes,yes,no,no,no,node60,mlx5_0,1,96,/home/fzj/桌面/ppn/PPN-KLULES/cluster/stage3-slotpe-rank/stage3-cluster-bindcore-sechybrid-verbaseline-s40-i20-hyb1x96-8x12-27x3-20260504_170821/baseline_hybrid_np1_t96_s40_i20_bindcore_20260504_170821.metrics.csv,/home/fzj/桌面/ppn/PPN-KLULES/cluster/stage3-slotpe-rank/stage3-cluster-bindcore-sechybrid-verbaseline-s40-i20-hyb1x96-8x12-27x3-20260504_170821/baseline_hybrid_np1_t96_s40_i20_bindcore_20260504_170821.log,/home/fzj/桌面/ppn/PPN-KLULES/cluster/stage3-slotpe-rank/stage3-cluster-bindcore-sechybrid-verbaseline-s40-i20-hyb1x96-8x12-27x3-20260504_170821/baseline_hybrid_np1_t96_s40_i20_bindcore_20260504_170821.slurm.out,/home/fzj/桌面/ppn/PPN-KLULES/cluster/stage3-slotpe-rank/stage3-cluster-bindcore-sechybrid-verbaseline-s40-i20-hyb1x96-8x12-27x3-20260504_170821/baseline_hybrid_np1_t96_s40_i20_bindcore_20260504_170821.slurm.err,/home/fzj/桌面/ppn/PPN-KLULES/cluster/stage3-slotpe-rank/stage3-cluster-bindcore-sechybrid-verbaseline-s40-i20-hyb1x96-8x12-27x3-20260504_170821/manifest.csv
/home/fzj/桌面/ppn/PPN-KLULES/cluster/stage3-slotpe-rank/stage3-cluster-bindcore-sechybrid-verbaseline-s40-i20-hyb1x96-8x12-27x3-20260504_170821,baseline_hybrid_np27_t3_s40_i20_bindcore_20260504_170821,baseline,hybrid,27,3,40,20,0.67,51450.164,2.803434e+08,3.725290e-09,PASS,yes,yes,no,no,no,node60,mlx5_0,27,3,/home/fzj/桌面/ppn/PPN-KLULES/cluster/stage3-slotpe-rank/stage3-cluster-bindcore-sechybrid-verbaseline-s40-i20-hyb1x96-8x12-27x3-20260504_170821/baseline_hybrid_np27_t3_s40_i20_bindcore_20260504_170821.metrics.csv,/home/fzj/桌面/ppn/PPN-KLULES/cluster/stage3-slotpe-rank/stage3-cluster-bindcore-sechybrid-verbaseline-s40-i20-hyb1x96-8x12-27x3-20260504_170821/baseline_hybrid_np27_t3_s40_i20_bindcore_20260504_170821.log,/home/fzj/桌面/ppn/PPN-KLULES/cluster/stage3-slotpe-rank/stage3-cluster-bindcore-sechybrid-verbaseline-s40-i20-hyb1x96-8x12-27x3-20260504_170821/baseline_hybrid_np27_t3_s40_i20_bindcore_20260504_170821.slurm.out,/home/fzj/桌面/ppn/PPN-KLULES/cluster/stage3-slotpe-rank/stage3-cluster-bindcore-sechybrid-verbaseline-s40-i20-hyb1x96-8x12-27x3-20260504_170821/baseline_hybrid_np27_t3_s40_i20_bindcore_20260504_170821.slurm.err,/home/fzj/桌面/ppn/PPN-KLULES/cluster/stage3-slotpe-rank/stage3-cluster-bindcore-sechybrid-verbaseline-s40-i20-hyb1x96-8x12-27x3-20260504_170821/manifest.csv
/home/fzj/桌面/ppn/PPN-KLULES/cluster/stage3-slotpe-rank/stage3-cluster-bindcore-sechybrid-verbaseline-s40-i20-hyb1x96-8x12-27x3-20260504_170821,baseline_hybrid_np8_t12_s40_i20_bindcore_20260504_170821,baseline,hybrid,8,12,40,20,0.25,41730.592,8.306471e+07,2.793968e-09,PASS,yes,yes,no,no,no,node60,mlx5_0,8,12,/home/fzj/桌面/ppn/PPN-KLULES/cluster/stage3-slotpe-rank/stage3-cluster-bindcore-sechybrid-verbaseline-s40-i20-hyb1x96-8x12-27x3-20260504_170821/baseline_hybrid_np8_t12_s40_i20_bindcore_20260504_170821.metrics.csv,/home/fzj/桌面/ppn/PPN-KLULES/cluster/stage3-slotpe-rank/stage3-cluster-bindcore-sechybrid-verbaseline-s40-i20-hyb1x96-8x12-27x3-20260504_170821/baseline_hybrid_np8_t12_s40_i20_bindcore_20260504_170821.log,/home/fzj/桌面/ppn/PPN-KLULES/cluster/stage3-slotpe-rank/stage3-cluster-bindcore-sechybrid-verbaseline-s40-i20-hyb1x96-8x12-27x3-20260504_170821/baseline_hybrid_np8_t12_s40_i20_bindcore_20260504_170821.slurm.out,/home/fzj/桌面/ppn/PPN-KLULES/cluster/stage3-slotpe-rank/stage3-cluster-bindcore-sechybrid-verbaseline-s40-i20-hyb1x96-8x12-27x3-20260504_170821/baseline_hybrid_np8_t12_s40_i20_bindcore_20260504_170821.slurm.err,/home/fzj/桌面/ppn/PPN-KLULES/cluster/stage3-slotpe-rank/stage3-cluster-bindcore-sechybrid-verbaseline-s40-i20-hyb1x96-8x12-27x3-20260504_170821/manifest.csv
/home/fzj/桌面/ppn/PPN-KLULES/cluster/stage3-slotpe-rank/stage3-cluster-bindcore-sechybrid-verbaseline-s40-i20-hyb8x11-8x12-20260504_170726,baseline_hybrid_np8_t11_s40_i20_bindcore_20260504_170726,baseline,hybrid,8,11,40,20,0.29,35661.938,8.306471e+07,2.793968e-09,PASS,yes,yes,no,no,no,node60,mlx5_0,8,11,/home/fzj/桌面/ppn/PPN-KLULES/cluster/stage3-slotpe-rank/stage3-cluster-bindcore-sechybrid-verbaseline-s40-i20-hyb8x11-8x12-20260504_170726/baseline_hybrid_np8_t11_s40_i20_bindcore_20260504_170726.metrics.csv,/home/fzj/桌面/ppn/PPN-KLULES/cluster/stage3-slotpe-rank/stage3-cluster-bindcore-sechybrid-verbaseline-s40-i20-hyb8x11-8x12-20260504_170726/baseline_hybrid_np8_t11_s40_i20_bindcore_20260504_170726.log,/home/fzj/桌面/ppn/PPN-KLULES/cluster/stage3-slotpe-rank/stage3-cluster-bindcore-sechybrid-verbaseline-s40-i20-hyb8x11-8x12-20260504_170726/baseline_hybrid_np8_t11_s40_i20_bindcore_20260504_170726.slurm.out,/home/fzj/桌面/ppn/PPN-KLULES/cluster/stage3-slotpe-rank/stage3-cluster-bindcore-sechybrid-verbaseline-s40-i20-hyb8x11-8x12-20260504_170726/baseline_hybrid_np8_t11_s40_i20_bindcore_20260504_170726.slurm.err,/home/fzj/桌面/ppn/PPN-KLULES/cluster/stage3-slotpe-rank/stage3-cluster-bindcore-sechybrid-verbaseline-s40-i20-hyb8x11-8x12-20260504_170726/manifest.csv
/home/fzj/桌面/ppn/PPN-KLULES/cluster/stage3-slotpe-rank/stage3-cluster-bindcore-sechybrid-verbaseline-s40-i20-hyb8x11-8x12-20260504_170726,baseline_hybrid_np8_t12_s40_i20_bindcore_20260504_170726,baseline,hybrid,8,12,40,20,0.25,41274.993,8.306471e+07,2.793968e-09,PASS,yes,yes,no,no,no,node60,mlx5_0,8,12,/home/fzj/桌面/ppn/PPN-KLULES/cluster/stage3-slotpe-rank/stage3-cluster-bindcore-sechybrid-verbaseline-s40-i20-hyb8x11-8x12-20260504_170726/baseline_hybrid_np8_t12_s40_i20_bindcore_20260504_170726.metrics.csv,/home/fzj/桌面/ppn/PPN-KLULES/cluster/stage3-slotpe-rank/stage3-cluster-bindcore-sechybrid-verbaseline-s40-i20-hyb8x11-8x12-20260504_170726/baseline_hybrid_np8_t12_s40_i20_bindcore_20260504_170726.log,/home/fzj/桌面/ppn/PPN-KLULES/cluster/stage3-slotpe-rank/stage3-cluster-bindcore-sechybrid-verbaseline-s40-i20-hyb8x11-8x12-20260504_170726/baseline_hybrid_np8_t12_s40_i20_bindcore_20260504_170726.slurm.out,/home/fzj/桌面/ppn/PPN-KLULES/cluster/stage3-slotpe-rank/stage3-cluster-bindcore-sechybrid-verbaseline-s40-i20-hyb8x11-8x12-20260504_170726/baseline_hybrid_np8_t12_s40_i20_bindcore_20260504_170726.slurm.err,/home/fzj/桌面/ppn/PPN-KLULES/cluster/stage3-slotpe-rank/stage3-cluster-bindcore-sechybrid-verbaseline-s40-i20-hyb8x11-8x12-20260504_170726/manifest.csv
/home/fzj/桌面/ppn/PPN-KLULES/cluster/stage3-slotpe-rank/stage3-cluster-bindcore-sechybrid-verbaseline-s40-i20-hyb8x4-8x8-8x10-20260504_170708,baseline_hybrid_np8_t10_s40_i20_bindcore_20260504_170708,baseline,hybrid,8,10,40,20,0.3,34595.017,8.306471e+07,2.793968e-09,PASS,yes,yes,no,no,no,node60,mlx5_0,8,10,/home/fzj/桌面/ppn/PPN-KLULES/cluster/stage3-slotpe-rank/stage3-cluster-bindcore-sechybrid-verbaseline-s40-i20-hyb8x4-8x8-8x10-20260504_170708/baseline_hybrid_np8_t10_s40_i20_bindcore_20260504_170708.metrics.csv,/home/fzj/桌面/ppn/PPN-KLULES/cluster/stage3-slotpe-rank/stage3-cluster-bindcore-sechybrid-verbaseline-s40-i20-hyb8x4-8x8-8x10-20260504_170708/baseline_hybrid_np8_t10_s40_i20_bindcore_20260504_170708.log,/home/fzj/桌面/ppn/PPN-KLULES/cluster/stage3-slotpe-rank/stage3-cluster-bindcore-sechybrid-verbaseline-s40-i20-hyb8x4-8x8-8x10-20260504_170708/baseline_hybrid_np8_t10_s40_i20_bindcore_20260504_170708.slurm.out,/home/fzj/桌面/ppn/PPN-KLULES/cluster/stage3-slotpe-rank/stage3-cluster-bindcore-sechybrid-verbaseline-s40-i20-hyb8x4-8x8-8x10-20260504_170708/baseline_hybrid_np8_t10_s40_i20_bindcore_20260504_170708.slurm.err,/home/fzj/桌面/ppn/PPN-KLULES/cluster/stage3-slotpe-rank/stage3-cluster-bindcore-sechybrid-verbaseline-s40-i20-hyb8x4-8x8-8x10-20260504_170708/manifest.csv
/home/fzj/桌面/ppn/PPN-KLULES/cluster/stage3-slotpe-rank/stage3-cluster-bindcore-sechybrid-verbaseline-s40-i20-hyb8x4-8x8-8x10-20260504_170708,baseline_hybrid_np8_t4_s40_i20_bindcore_20260504_170708,baseline,hybrid,8,4,40,20,0.5,20400.332,8.306471e+07,2.793968e-09,PASS,yes,yes,no,no,no,node60,mlx5_0,8,4,/home/fzj/桌面/ppn/PPN-KLULES/cluster/stage3-slotpe-rank/stage3-cluster-bindcore-sechybrid-verbaseline-s40-i20-hyb8x4-8x8-8x10-20260504_170708/baseline_hybrid_np8_t4_s40_i20_bindcore_20260504_170708.metrics.csv,/home/fzj/桌面/ppn/PPN-KLULES/cluster/stage3-slotpe-rank/stage3-cluster-bindcore-sechybrid-verbaseline-s40-i20-hyb8x4-8x8-8x10-20260504_170708/baseline_hybrid_np8_t4_s40_i20_bindcore_20260504_170708.log,/home/fzj/桌面/ppn/PPN-KLULES/cluster/stage3-slotpe-rank/stage3-cluster-bindcore-sechybrid-verbaseline-s40-i20-hyb8x4-8x8-8x10-20260504_170708/baseline_hybrid_np8_t4_s40_i20_bindcore_20260504_170708.slurm.out,/home/fzj/桌面/ppn/PPN-KLULES/cluster/stage3-slotpe-rank/stage3-cluster-bindcore-sechybrid-verbaseline-s40-i20-hyb8x4-8x8-8x10-20260504_170708/baseline_hybrid_np8_t4_s40_i20_bindcore_20260504_170708.slurm.err,/home/fzj/桌面/ppn/PPN-KLULES/cluster/stage3-slotpe-rank/stage3-cluster-bindcore-sechybrid-verbaseline-s40-i20-hyb8x4-8x8-8x10-20260504_170708/manifest.csv
/home/fzj/桌面/ppn/PPN-KLULES/cluster/stage3-slotpe-rank/stage3-cluster-bindcore-sechybrid-verbaseline-s40-i20-hyb8x4-8x8-8x10-20260504_170708,baseline_hybrid_np8_t8_s40_i20_bindcore_20260504_170708,baseline,hybrid,8,8,40,20,0.32,31821.029,8.306471e+07,2.793968e-09,PASS,yes,yes,no,no,no,node60,mlx5_0,8,8,/home/fzj/桌面/ppn/PPN-KLULES/cluster/stage3-slotpe-rank/stage3-cluster-bindcore-sechybrid-verbaseline-s40-i20-hyb8x4-8x8-8x10-20260504_170708/baseline_hybrid_np8_t8_s40_i20_bindcore_20260504_170708.metrics.csv,/home/fzj/桌面/ppn/PPN-KLULES/cluster/stage3-slotpe-rank/stage3-cluster-bindcore-sechybrid-verbaseline-s40-i20-hyb8x4-8x8-8x10-20260504_170708/baseline_hybrid_np8_t8_s40_i20_bindcore_20260504_170708.log,/home/fzj/桌面/ppn/PPN-KLULES/cluster/stage3-slotpe-rank/stage3-cluster-bindcore-sechybrid-verbaseline-s40-i20-hyb8x4-8x8-8x10-20260504_170708/baseline_hybrid_np8_t8_s40_i20_bindcore_20260504_170708.slurm.out,/home/fzj/桌面/ppn/PPN-KLULES/cluster/stage3-slotpe-rank/stage3-cluster-bindcore-sechybrid-verbaseline-s40-i20-hyb8x4-8x8-8x10-20260504_170708/baseline_hybrid_np8_t8_s40_i20_bindcore_20260504_170708.slurm.err,/home/fzj/桌面/ppn/PPN-KLULES/cluster/stage3-slotpe-rank/stage3-cluster-bindcore-sechybrid-verbaseline-s40-i20-hyb8x4-8x8-8x10-20260504_170708/manifest.csv
/home/fzj/桌面/ppn/PPN-KLULES/cluster/stage3-slotpe-rank/stage3-cluster-bindcore-sechybrid-verbaseline-s80-i20-hyb1x96-8x12-27x3-20260504_165917,baseline_hybrid_np1_t96_s80_i20_bindcore_20260504_165917,baseline,hybrid,1,96,80,20,0.49,21088.111,8.306471e+07,2.793968e-09,PASS,yes,yes,no,no,no,node60,mlx5_0,1,96,/home/fzj/桌面/ppn/PPN-KLULES/cluster/stage3-slotpe-rank/stage3-cluster-bindcore-sechybrid-verbaseline-s80-i20-hyb1x96-8x12-27x3-20260504_165917/baseline_hybrid_np1_t96_s80_i20_bindcore_20260504_165917.metrics.csv,/home/fzj/桌面/ppn/PPN-KLULES/cluster/stage3-slotpe-rank/stage3-cluster-bindcore-sechybrid-verbaseline-s80-i20-hyb1x96-8x12-27x3-20260504_165917/baseline_hybrid_np1_t96_s80_i20_bindcore_20260504_165917.log,/home/fzj/桌面/ppn/PPN-KLULES/cluster/stage3-slotpe-rank/stage3-cluster-bindcore-sechybrid-verbaseline-s80-i20-hyb1x96-8x12-27x3-20260504_165917/baseline_hybrid_np1_t96_s80_i20_bindcore_20260504_165917.slurm.out,/home/fzj/桌面/ppn/PPN-KLULES/cluster/stage3-slotpe-rank/stage3-cluster-bindcore-sechybrid-verbaseline-s80-i20-hyb1x96-8x12-27x3-20260504_165917/baseline_hybrid_np1_t96_s80_i20_bindcore_20260504_165917.slurm.err,/home/fzj/桌面/ppn/PPN-KLULES/cluster/stage3-slotpe-rank/stage3-cluster-bindcore-sechybrid-verbaseline-s80-i20-hyb1x96-8x12-27x3-20260504_165917/manifest.csv
/home/fzj/桌面/ppn/PPN-KLULES/cluster/stage3-slotpe-rank/stage3-cluster-bindcore-sechybrid-verbaseline-s80-i20-hyb1x96-8x12-27x3-20260504_165917,baseline_hybrid_np27_t3_s80_i20_bindcore_20260504_165917,baseline,hybrid,27,3,80,20,7.1,38815.426,2.242747e+09,2.086163e-07,PASS,yes,yes,no,no,no,node60,mlx5_0,27,3,/home/fzj/桌面/ppn/PPN-KLULES/cluster/stage3-slotpe-rank/stage3-cluster-bindcore-sechybrid-verbaseline-s80-i20-hyb1x96-8x12-27x3-20260504_165917/baseline_hybrid_np27_t3_s80_i20_bindcore_20260504_165917.metrics.csv,/home/fzj/桌面/ppn/PPN-KLULES/cluster/stage3-slotpe-rank/stage3-cluster-bindcore-sechybrid-verbaseline-s80-i20-hyb1x96-8x12-27x3-20260504_165917/baseline_hybrid_np27_t3_s80_i20_bindcore_20260504_165917.log,/home/fzj/桌面/ppn/PPN-KLULES/cluster/stage3-slotpe-rank/stage3-cluster-bindcore-sechybrid-verbaseline-s80-i20-hyb1x96-8x12-27x3-20260504_165917/baseline_hybrid_np27_t3_s80_i20_bindcore_20260504_165917.slurm.out,/home/fzj/桌面/ppn/PPN-KLULES/cluster/stage3-slotpe-rank/stage3-cluster-bindcore-sechybrid-verbaseline-s80-i20-hyb1x96-8x12-27x3-20260504_165917/baseline_hybrid_np27_t3_s80_i20_bindcore_20260504_165917.slurm.err,/home/fzj/桌面/ppn/PPN-KLULES/cluster/stage3-slotpe-rank/stage3-cluster-bindcore-sechybrid-verbaseline-s80-i20-hyb1x96-8x12-27x3-20260504_165917/manifest.csv
/home/fzj/桌面/ppn/PPN-KLULES/cluster/stage3-slotpe-rank/stage3-cluster-bindcore-sechybrid-verbaseline-s80-i20-hyb1x96-8x12-27x3-20260504_165917,baseline_hybrid_np8_t12_s80_i20_bindcore_20260504_165917,baseline,hybrid,8,12,80,20,1.5,54321.157,6.645177e+08,7.450581e-09,PASS,yes,yes,no,no,no,node60,mlx5_0,8,12,/home/fzj/桌面/ppn/PPN-KLULES/cluster/stage3-slotpe-rank/stage3-cluster-bindcore-sechybrid-verbaseline-s80-i20-hyb1x96-8x12-27x3-20260504_165917/baseline_hybrid_np8_t12_s80_i20_bindcore_20260504_165917.metrics.csv,/home/fzj/桌面/ppn/PPN-KLULES/cluster/stage3-slotpe-rank/stage3-cluster-bindcore-sechybrid-verbaseline-s80-i20-hyb1x96-8x12-27x3-20260504_165917/baseline_hybrid_np8_t12_s80_i20_bindcore_20260504_165917.log,/home/fzj/桌面/ppn/PPN-KLULES/cluster/stage3-slotpe-rank/stage3-cluster-bindcore-sechybrid-verbaseline-s80-i20-hyb1x96-8x12-27x3-20260504_165917/baseline_hybrid_np8_t12_s80_i20_bindcore_20260504_165917.slurm.out,/home/fzj/桌面/ppn/PPN-KLULES/cluster/stage3-slotpe-rank/stage3-cluster-bindcore-sechybrid-verbaseline-s80-i20-hyb1x96-8x12-27x3-20260504_165917/baseline_hybrid_np8_t12_s80_i20_bindcore_20260504_165917.slurm.err,/home/fzj/桌面/ppn/PPN-KLULES/cluster/stage3-slotpe-rank/stage3-cluster-bindcore-sechybrid-verbaseline-s80-i20-hyb1x96-8x12-27x3-20260504_165917/manifest.csv
/home/fzj/桌面/ppn/PPN-KLULES/cluster/stage3-slotpe-rank/stage3-cluster-bindcore-sechybrid-verbaseline-s80-i20-hyb8x11-8x12-20260504_165500,baseline_hybrid_np8_t11_s80_i20_bindcore_20260504_165500,baseline,hybrid,8,11,80,20,1.6,50762.328,6.645177e+08,7.450581e-09,PASS,yes,yes,no,no,no,node60,mlx5_0,8,11,/home/fzj/桌面/ppn/PPN-KLULES/cluster/stage3-slotpe-rank/stage3-cluster-bindcore-sechybrid-verbaseline-s80-i20-hyb8x11-8x12-20260504_165500/baseline_hybrid_np8_t11_s80_i20_bindcore_20260504_165500.metrics.csv,/home/fzj/桌面/ppn/PPN-KLULES/cluster/stage3-slotpe-rank/stage3-cluster-bindcore-sechybrid-verbaseline-s80-i20-hyb8x11-8x12-20260504_165500/baseline_hybrid_np8_t11_s80_i20_bindcore_20260504_165500.log,/home/fzj/桌面/ppn/PPN-KLULES/cluster/stage3-slotpe-rank/stage3-cluster-bindcore-sechybrid-verbaseline-s80-i20-hyb8x11-8x12-20260504_165500/baseline_hybrid_np8_t11_s80_i20_bindcore_20260504_165500.slurm.out,/home/fzj/桌面/ppn/PPN-KLULES/cluster/stage3-slotpe-rank/stage3-cluster-bindcore-sechybrid-verbaseline-s80-i20-hyb8x11-8x12-20260504_165500/baseline_hybrid_np8_t11_s80_i20_bindcore_20260504_165500.slurm.err,/home/fzj/桌面/ppn/PPN-KLULES/cluster/stage3-slotpe-rank/stage3-cluster-bindcore-sechybrid-verbaseline-s80-i20-hyb8x11-8x12-20260504_165500/manifest.csv
/home/fzj/桌面/ppn/PPN-KLULES/cluster/stage3-slotpe-rank/stage3-cluster-bindcore-sechybrid-verbaseline-s80-i20-hyb8x11-8x12-20260504_165500,baseline_hybrid_np8_t12_s80_i20_bindcore_20260504_165500,baseline,hybrid,8,12,80,20,1.5,53130.606,6.645177e+08,7.450581e-09,PASS,yes,yes,no,no,no,node60,mlx5_0,8,12,/home/fzj/桌面/ppn/PPN-KLULES/cluster/stage3-slotpe-rank/stage3-cluster-bindcore-sechybrid-verbaseline-s80-i20-hyb8x11-8x12-20260504_165500/baseline_hybrid_np8_t12_s80_i20_bindcore_20260504_165500.metrics.csv,/home/fzj/桌面/ppn/PPN-KLULES/cluster/stage3-slotpe-rank/stage3-cluster-bindcore-sechybrid-verbaseline-s80-i20-hyb8x11-8x12-20260504_165500/baseline_hybrid_np8_t12_s80_i20_bindcore_20260504_165500.log,/home/fzj/桌面/ppn/PPN-KLULES/cluster/stage3-slotpe-rank/stage3-cluster-bindcore-sechybrid-verbaseline-s80-i20-hyb8x11-8x12-20260504_165500/baseline_hybrid_np8_t12_s80_i20_bindcore_20260504_165500.slurm.out,/home/fzj/桌面/ppn/PPN-KLULES/cluster/stage3-slotpe-rank/stage3-cluster-bindcore-sechybrid-verbaseline-s80-i20-hyb8x11-8x12-20260504_165500/baseline_hybrid_np8_t12_s80_i20_bindcore_20260504_165500.slurm.err,/home/fzj/桌面/ppn/PPN-KLULES/cluster/stage3-slotpe-rank/stage3-cluster-bindcore-sechybrid-verbaseline-s80-i20-hyb8x11-8x12-20260504_165500/manifest.csv
/home/fzj/桌面/ppn/PPN-KLULES/cluster/stage3-slotpe-rank/stage3-cluster-bindcore-sechybrid-verbaseline-s80-i20-hyb8x4-8x8-8x10-20260504_165433,baseline_hybrid_np8_t10_s80_i20_bindcore_20260504_165433,baseline,hybrid,8,10,80,20,2.1,38988.734,6.645177e+08,7.450581e-09,PASS,yes,yes,no,no,no,node60,mlx5_0,8,10,/home/fzj/桌面/ppn/PPN-KLULES/cluster/stage3-slotpe-rank/stage3-cluster-bindcore-sechybrid-verbaseline-s80-i20-hyb8x4-8x8-8x10-20260504_165433/baseline_hybrid_np8_t10_s80_i20_bindcore_20260504_165433.metrics.csv,/home/fzj/桌面/ppn/PPN-KLULES/cluster/stage3-slotpe-rank/stage3-cluster-bindcore-sechybrid-verbaseline-s80-i20-hyb8x4-8x8-8x10-20260504_165433/baseline_hybrid_np8_t10_s80_i20_bindcore_20260504_165433.log,/home/fzj/桌面/ppn/PPN-KLULES/cluster/stage3-slotpe-rank/stage3-cluster-bindcore-sechybrid-verbaseline-s80-i20-hyb8x4-8x8-8x10-20260504_165433/baseline_hybrid_np8_t10_s80_i20_bindcore_20260504_165433.slurm.out,/home/fzj/桌面/ppn/PPN-KLULES/cluster/stage3-slotpe-rank/stage3-cluster-bindcore-sechybrid-verbaseline-s80-i20-hyb8x4-8x8-8x10-20260504_165433/baseline_hybrid_np8_t10_s80_i20_bindcore_20260504_165433.slurm.err,/home/fzj/桌面/ppn/PPN-KLULES/cluster/stage3-slotpe-rank/stage3-cluster-bindcore-sechybrid-verbaseline-s80-i20-hyb8x4-8x8-8x10-20260504_165433/manifest.csv
/home/fzj/桌面/ppn/PPN-KLULES/cluster/stage3-slotpe-rank/stage3-cluster-bindcore-sechybrid-verbaseline-s80-i20-hyb8x4-8x8-8x10-20260504_165433,baseline_hybrid_np8_t4_s80_i20_bindcore_20260504_165433,baseline,hybrid,8,4,80,20,5.4,15272.432,6.645177e+08,7.450581e-09,PASS,yes,yes,no,no,no,node60,mlx5_0,8,4,/home/fzj/桌面/ppn/PPN-KLULES/cluster/stage3-slotpe-rank/stage3-cluster-bindcore-sechybrid-verbaseline-s80-i20-hyb8x4-8x8-8x10-20260504_165433/baseline_hybrid_np8_t4_s80_i20_bindcore_20260504_165433.metrics.csv,/home/fzj/桌面/ppn/PPN-KLULES/cluster/stage3-slotpe-rank/stage3-cluster-bindcore-sechybrid-verbaseline-s80-i20-hyb8x4-8x8-8x10-20260504_165433/baseline_hybrid_np8_t4_s80_i20_bindcore_20260504_165433.log,/home/fzj/桌面/ppn/PPN-KLULES/cluster/stage3-slotpe-rank/stage3-cluster-bindcore-sechybrid-verbaseline-s80-i20-hyb8x4-8x8-8x10-20260504_165433/baseline_hybrid_np8_t4_s80_i20_bindcore_20260504_165433.slurm.out,/home/fzj/桌面/ppn/PPN-KLULES/cluster/stage3-slotpe-rank/stage3-cluster-bindcore-sechybrid-verbaseline-s80-i20-hyb8x4-8x8-8x10-20260504_165433/baseline_hybrid_np8_t4_s80_i20_bindcore_20260504_165433.slurm.err,/home/fzj/桌面/ppn/PPN-KLULES/cluster/stage3-slotpe-rank/stage3-cluster-bindcore-sechybrid-verbaseline-s80-i20-hyb8x4-8x8-8x10-20260504_165433/manifest.csv
/home/fzj/桌面/ppn/PPN-KLULES/cluster/stage3-slotpe-rank/stage3-cluster-bindcore-sechybrid-verbaseline-s80-i20-hyb8x4-8x8-8x10-20260504_165433,baseline_hybrid_np8_t8_s80_i20_bindcore_20260504_165433,baseline,hybrid,8,8,80,20,2.4,34684.273,6.645177e+08,7.450581e-09,PASS,yes,yes,no,no,no,node60,mlx5_0,8,8,/home/fzj/桌面/ppn/PPN-KLULES/cluster/stage3-slotpe-rank/stage3-cluster-bindcore-sechybrid-verbaseline-s80-i20-hyb8x4-8x8-8x10-20260504_165433/baseline_hybrid_np8_t8_s80_i20_bindcore_20260504_165433.metrics.csv,/home/fzj/桌面/ppn/PPN-KLULES/cluster/stage3-slotpe-rank/stage3-cluster-bindcore-sechybrid-verbaseline-s80-i20-hyb8x4-8x8-8x10-20260504_165433/baseline_hybrid_np8_t8_s80_i20_bindcore_20260504_165433.log,/home/fzj/桌面/ppn/PPN-KLULES/cluster/stage3-slotpe-rank/stage3-cluster-bindcore-sechybrid-verbaseline-s80-i20-hyb8x4-8x8-8x10-20260504_165433/baseline_hybrid_np8_t8_s80_i20_bindcore_20260504_165433.slurm.out,/home/fzj/桌面/ppn/PPN-KLULES/cluster/stage3-slotpe-rank/stage3-cluster-bindcore-sechybrid-verbaseline-s80-i20-hyb8x4-8x8-8x10-20260504_165433/baseline_hybrid_np8_t8_s80_i20_bindcore_20260504_165433.slurm.err,/home/fzj/桌面/ppn/PPN-KLULES/cluster/stage3-slotpe-rank/stage3-cluster-bindcore-sechybrid-verbaseline-s80-i20-hyb8x4-8x8-8x10-20260504_165433/manifest.csv
/home/fzj/桌面/ppn/PPN-KLULES/cluster/stage3-slotpe-rank/stage3-cluster-bindcore-sechybrid-verkc-s20-i20-hyb1x96-8x12-27x3-20260504_171304,kc_hybrid_np1_t96_s20_i20_bindcore_20260504_171304,kc,hybrid,1,96,20,20,0.10,1680.8488,1.297886e+06,8.731149e-11,PASS,yes,yes,no,no,no,node60,mlx5_0,1,96,/home/fzj/桌面/ppn/PPN-KLULES/cluster/stage3-slotpe-rank/stage3-cluster-bindcore-sechybrid-verkc-s20-i20-hyb1x96-8x12-27x3-20260504_171304/kc_hybrid_np1_t96_s20_i20_bindcore_20260504_171304.metrics.csv,/home/fzj/桌面/ppn/PPN-KLULES/cluster/stage3-slotpe-rank/stage3-cluster-bindcore-sechybrid-verkc-s20-i20-hyb1x96-8x12-27x3-20260504_171304/kc_hybrid_np1_t96_s20_i20_bindcore_20260504_171304.log,/home/fzj/桌面/ppn/PPN-KLULES/cluster/stage3-slotpe-rank/stage3-cluster-bindcore-sechybrid-verkc-s20-i20-hyb1x96-8x12-27x3-20260504_171304/kc_hybrid_np1_t96_s20_i20_bindcore_20260504_171304.slurm.out,/home/fzj/桌面/ppn/PPN-KLULES/cluster/stage3-slotpe-rank/stage3-cluster-bindcore-sechybrid-verkc-s20-i20-hyb1x96-8x12-27x3-20260504_171304/kc_hybrid_np1_t96_s20_i20_bindcore_20260504_171304.slurm.err,/home/fzj/桌面/ppn/PPN-KLULES/cluster/stage3-slotpe-rank/stage3-cluster-bindcore-sechybrid-verkc-s20-i20-hyb1x96-8x12-27x3-20260504_171304/manifest.csv
/home/fzj/桌面/ppn/PPN-KLULES/cluster/stage3-slotpe-rank/stage3-cluster-bindcore-sechybrid-verkc-s20-i20-hyb1x96-8x12-27x3-20260504_171304,kc_hybrid_np27_t3_s20_i20_bindcore_20260504_171304,kc,hybrid,27,3,20,20,0.10,44444.444,3.504293e+07,1.396984e-09,PASS,yes,yes,no,no,no,node60,mlx5_0,27,3,/home/fzj/桌面/ppn/PPN-KLULES/cluster/stage3-slotpe-rank/stage3-cluster-bindcore-sechybrid-verkc-s20-i20-hyb1x96-8x12-27x3-20260504_171304/kc_hybrid_np27_t3_s20_i20_bindcore_20260504_171304.metrics.csv,/home/fzj/桌面/ppn/PPN-KLULES/cluster/stage3-slotpe-rank/stage3-cluster-bindcore-sechybrid-verkc-s20-i20-hyb1x96-8x12-27x3-20260504_171304/kc_hybrid_np27_t3_s20_i20_bindcore_20260504_171304.log,/home/fzj/桌面/ppn/PPN-KLULES/cluster/stage3-slotpe-rank/stage3-cluster-bindcore-sechybrid-verkc-s20-i20-hyb1x96-8x12-27x3-20260504_171304/kc_hybrid_np27_t3_s20_i20_bindcore_20260504_171304.slurm.out,/home/fzj/桌面/ppn/PPN-KLULES/cluster/stage3-slotpe-rank/stage3-cluster-bindcore-sechybrid-verkc-s20-i20-hyb1x96-8x12-27x3-20260504_171304/kc_hybrid_np27_t3_s20_i20_bindcore_20260504_171304.slurm.err,/home/fzj/桌面/ppn/PPN-KLULES/cluster/stage3-slotpe-rank/stage3-cluster-bindcore-sechybrid-verkc-s20-i20-hyb1x96-8x12-27x3-20260504_171304/manifest.csv
/home/fzj/桌面/ppn/PPN-KLULES/cluster/stage3-slotpe-rank/stage3-cluster-bindcore-sechybrid-verkc-s20-i20-hyb1x96-8x12-27x3-20260504_171304,kc_hybrid_np8_t12_s20_i20_bindcore_20260504_171304,kc,hybrid,8,12,20,20,0.05,24457.82,1.038309e+07,1.164153e-10,PASS,yes,yes,no,no,no,node60,mlx5_0,8,12,/home/fzj/桌面/ppn/PPN-KLULES/cluster/stage3-slotpe-rank/stage3-cluster-bindcore-sechybrid-verkc-s20-i20-hyb1x96-8x12-27x3-20260504_171304/kc_hybrid_np8_t12_s20_i20_bindcore_20260504_171304.metrics.csv,/home/fzj/桌面/ppn/PPN-KLULES/cluster/stage3-slotpe-rank/stage3-cluster-bindcore-sechybrid-verkc-s20-i20-hyb1x96-8x12-27x3-20260504_171304/kc_hybrid_np8_t12_s20_i20_bindcore_20260504_171304.log,/home/fzj/桌面/ppn/PPN-KLULES/cluster/stage3-slotpe-rank/stage3-cluster-bindcore-sechybrid-verkc-s20-i20-hyb1x96-8x12-27x3-20260504_171304/kc_hybrid_np8_t12_s20_i20_bindcore_20260504_171304.slurm.out,/home/fzj/桌面/ppn/PPN-KLULES/cluster/stage3-slotpe-rank/stage3-cluster-bindcore-sechybrid-verkc-s20-i20-hyb1x96-8x12-27x3-20260504_171304/kc_hybrid_np8_t12_s20_i20_bindcore_20260504_171304.slurm.err,/home/fzj/桌面/ppn/PPN-KLULES/cluster/stage3-slotpe-rank/stage3-cluster-bindcore-sechybrid-verkc-s20-i20-hyb1x96-8x12-27x3-20260504_171304/manifest.csv
/home/fzj/桌面/ppn/PPN-KLULES/cluster/stage3-slotpe-rank/stage3-cluster-bindcore-sechybrid-verkc-s20-i20-hyb8x11-8x12-20260504_171215,kc_hybrid_np8_t11_s20_i20_bindcore_20260504_171215,kc,hybrid,8,11,20,20,0.05,24733.822,1.038309e+07,1.164153e-10,PASS,yes,yes,no,no,no,node60,mlx5_0,8,11,/home/fzj/桌面/ppn/PPN-KLULES/cluster/stage3-slotpe-rank/stage3-cluster-bindcore-sechybrid-verkc-s20-i20-hyb8x11-8x12-20260504_171215/kc_hybrid_np8_t11_s20_i20_bindcore_20260504_171215.metrics.csv,/home/fzj/桌面/ppn/PPN-KLULES/cluster/stage3-slotpe-rank/stage3-cluster-bindcore-sechybrid-verkc-s20-i20-hyb8x11-8x12-20260504_171215/kc_hybrid_np8_t11_s20_i20_bindcore_20260504_171215.log,/home/fzj/桌面/ppn/PPN-KLULES/cluster/stage3-slotpe-rank/stage3-cluster-bindcore-sechybrid-verkc-s20-i20-hyb8x11-8x12-20260504_171215/kc_hybrid_np8_t11_s20_i20_bindcore_20260504_171215.slurm.out,/home/fzj/桌面/ppn/PPN-KLULES/cluster/stage3-slotpe-rank/stage3-cluster-bindcore-sechybrid-verkc-s20-i20-hyb8x11-8x12-20260504_171215/kc_hybrid_np8_t11_s20_i20_bindcore_20260504_171215.slurm.err,/home/fzj/桌面/ppn/PPN-KLULES/cluster/stage3-slotpe-rank/stage3-cluster-bindcore-sechybrid-verkc-s20-i20-hyb8x11-8x12-20260504_171215/manifest.csv
/home/fzj/桌面/ppn/PPN-KLULES/cluster/stage3-slotpe-rank/stage3-cluster-bindcore-sechybrid-verkc-s20-i20-hyb8x11-8x12-20260504_171215,kc_hybrid_np8_t12_s20_i20_bindcore_20260504_171215,kc,hybrid,8,12,20,20,0.07,18804.448,1.038309e+07,1.164153e-10,PASS,yes,yes,no,no,no,node60,mlx5_0,8,12,/home/fzj/桌面/ppn/PPN-KLULES/cluster/stage3-slotpe-rank/stage3-cluster-bindcore-sechybrid-verkc-s20-i20-hyb8x11-8x12-20260504_171215/kc_hybrid_np8_t12_s20_i20_bindcore_20260504_171215.metrics.csv,/home/fzj/桌面/ppn/PPN-KLULES/cluster/stage3-slotpe-rank/stage3-cluster-bindcore-sechybrid-verkc-s20-i20-hyb8x11-8x12-20260504_171215/kc_hybrid_np8_t12_s20_i20_bindcore_20260504_171215.log,/home/fzj/桌面/ppn/PPN-KLULES/cluster/stage3-slotpe-rank/stage3-cluster-bindcore-sechybrid-verkc-s20-i20-hyb8x11-8x12-20260504_171215/kc_hybrid_np8_t12_s20_i20_bindcore_20260504_171215.slurm.out,/home/fzj/桌面/ppn/PPN-KLULES/cluster/stage3-slotpe-rank/stage3-cluster-bindcore-sechybrid-verkc-s20-i20-hyb8x11-8x12-20260504_171215/kc_hybrid_np8_t12_s20_i20_bindcore_20260504_171215.slurm.err,/home/fzj/桌面/ppn/PPN-KLULES/cluster/stage3-slotpe-rank/stage3-cluster-bindcore-sechybrid-verkc-s20-i20-hyb8x11-8x12-20260504_171215/manifest.csv
/home/fzj/桌面/ppn/PPN-KLULES/cluster/stage3-slotpe-rank/stage3-cluster-bindcore-sechybrid-verkc-s20-i20-hyb8x4-8x8-8x10-20260504_171157,kc_hybrid_np8_t10_s20_i20_bindcore_20260504_171157,kc,hybrid,8,10,20,20,0.06,21746.887,1.038309e+07,1.164153e-10,PASS,yes,yes,no,no,no,node60,mlx5_0,8,10,/home/fzj/桌面/ppn/PPN-KLULES/cluster/stage3-slotpe-rank/stage3-cluster-bindcore-sechybrid-verkc-s20-i20-hyb8x4-8x8-8x10-20260504_171157/kc_hybrid_np8_t10_s20_i20_bindcore_20260504_171157.metrics.csv,/home/fzj/桌面/ppn/PPN-KLULES/cluster/stage3-slotpe-rank/stage3-cluster-bindcore-sechybrid-verkc-s20-i20-hyb8x4-8x8-8x10-20260504_171157/kc_hybrid_np8_t10_s20_i20_bindcore_20260504_171157.log,/home/fzj/桌面/ppn/PPN-KLULES/cluster/stage3-slotpe-rank/stage3-cluster-bindcore-sechybrid-verkc-s20-i20-hyb8x4-8x8-8x10-20260504_171157/kc_hybrid_np8_t10_s20_i20_bindcore_20260504_171157.slurm.out,/home/fzj/桌面/ppn/PPN-KLULES/cluster/stage3-slotpe-rank/stage3-cluster-bindcore-sechybrid-verkc-s20-i20-hyb8x4-8x8-8x10-20260504_171157/kc_hybrid_np8_t10_s20_i20_bindcore_20260504_171157.slurm.err,/home/fzj/桌面/ppn/PPN-KLULES/cluster/stage3-slotpe-rank/stage3-cluster-bindcore-sechybrid-verkc-s20-i20-hyb8x4-8x8-8x10-20260504_171157/manifest.csv
/home/fzj/桌面/ppn/PPN-KLULES/cluster/stage3-slotpe-rank/stage3-cluster-bindcore-sechybrid-verkc-s20-i20-hyb8x4-8x8-8x10-20260504_171157,kc_hybrid_np8_t4_s20_i20_bindcore_20260504_171157,kc,hybrid,8,4,20,20,0.08,15513.835,1.038309e+07,1.164153e-10,PASS,yes,yes,no,no,no,node60,mlx5_0,8,4,/home/fzj/桌面/ppn/PPN-KLULES/cluster/stage3-slotpe-rank/stage3-cluster-bindcore-sechybrid-verkc-s20-i20-hyb8x4-8x8-8x10-20260504_171157/kc_hybrid_np8_t4_s20_i20_bindcore_20260504_171157.metrics.csv,/home/fzj/桌面/ppn/PPN-KLULES/cluster/stage3-slotpe-rank/stage3-cluster-bindcore-sechybrid-verkc-s20-i20-hyb8x4-8x8-8x10-20260504_171157/kc_hybrid_np8_t4_s20_i20_bindcore_20260504_171157.log,/home/fzj/桌面/ppn/PPN-KLULES/cluster/stage3-slotpe-rank/stage3-cluster-bindcore-sechybrid-verkc-s20-i20-hyb8x4-8x8-8x10-20260504_171157/kc_hybrid_np8_t4_s20_i20_bindcore_20260504_171157.slurm.out,/home/fzj/桌面/ppn/PPN-KLULES/cluster/stage3-slotpe-rank/stage3-cluster-bindcore-sechybrid-verkc-s20-i20-hyb8x4-8x8-8x10-20260504_171157/kc_hybrid_np8_t4_s20_i20_bindcore_20260504_171157.slurm.err,/home/fzj/桌面/ppn/PPN-KLULES/cluster/stage3-slotpe-rank/stage3-cluster-bindcore-sechybrid-verkc-s20-i20-hyb8x4-8x8-8x10-20260504_171157/manifest.csv
/home/fzj/桌面/ppn/PPN-KLULES/cluster/stage3-slotpe-rank/stage3-cluster-bindcore-sechybrid-verkc-s20-i20-hyb8x4-8x8-8x10-20260504_171157,kc_hybrid_np8_t8_s20_i20_bindcore_20260504_171157,kc,hybrid,8,8,20,20,0.06,21979.154,1.038309e+07,1.164153e-10,PASS,yes,yes,no,no,no,node60,mlx5_0,8,8,/home/fzj/桌面/ppn/PPN-KLULES/cluster/stage3-slotpe-rank/stage3-cluster-bindcore-sechybrid-verkc-s20-i20-hyb8x4-8x8-8x10-20260504_171157/kc_hybrid_np8_t8_s20_i20_bindcore_20260504_171157.metrics.csv,/home/fzj/桌面/ppn/PPN-KLULES/cluster/stage3-slotpe-rank/stage3-cluster-bindcore-sechybrid-verkc-s20-i20-hyb8x4-8x8-8x10-20260504_171157/kc_hybrid_np8_t8_s20_i20_bindcore_20260504_171157.log,/home/fzj/桌面/ppn/PPN-KLULES/cluster/stage3-slotpe-rank/stage3-cluster-bindcore-sechybrid-verkc-s20-i20-hyb8x4-8x8-8x10-20260504_171157/kc_hybrid_np8_t8_s20_i20_bindcore_20260504_171157.slurm.out,/home/fzj/桌面/ppn/PPN-KLULES/cluster/stage3-slotpe-rank/stage3-cluster-bindcore-sechybrid-verkc-s20-i20-hyb8x4-8x8-8x10-20260504_171157/kc_hybrid_np8_t8_s20_i20_bindcore_20260504_171157.slurm.err,/home/fzj/桌面/ppn/PPN-KLULES/cluster/stage3-slotpe-rank/stage3-cluster-bindcore-sechybrid-verkc-s20-i20-hyb8x4-8x8-8x10-20260504_171157/manifest.csv
/home/fzj/桌面/ppn/PPN-KLULES/cluster/stage3-slotpe-rank/stage3-cluster-bindcore-sechybrid-verkc-s40-i20-hyb1x96-8x12-27x3-20260504_170854,kc_hybrid_np1_t96_s40_i20_bindcore_20260504_170854,kc,hybrid,1,96,40,20,0.10,12357.717,1.038309e+07,1.164153e-10,PASS,yes,yes,no,no,no,node60,mlx5_0,1,96,/home/fzj/桌面/ppn/PPN-KLULES/cluster/stage3-slotpe-rank/stage3-cluster-bindcore-sechybrid-verkc-s40-i20-hyb1x96-8x12-27x3-20260504_170854/kc_hybrid_np1_t96_s40_i20_bindcore_20260504_170854.metrics.csv,/home/fzj/桌面/ppn/PPN-KLULES/cluster/stage3-slotpe-rank/stage3-cluster-bindcore-sechybrid-verkc-s40-i20-hyb1x96-8x12-27x3-20260504_170854/kc_hybrid_np1_t96_s40_i20_bindcore_20260504_170854.log,/home/fzj/桌面/ppn/PPN-KLULES/cluster/stage3-slotpe-rank/stage3-cluster-bindcore-sechybrid-verkc-s40-i20-hyb1x96-8x12-27x3-20260504_170854/kc_hybrid_np1_t96_s40_i20_bindcore_20260504_170854.slurm.out,/home/fzj/桌面/ppn/PPN-KLULES/cluster/stage3-slotpe-rank/stage3-cluster-bindcore-sechybrid-verkc-s40-i20-hyb1x96-8x12-27x3-20260504_170854/kc_hybrid_np1_t96_s40_i20_bindcore_20260504_170854.slurm.err,/home/fzj/桌面/ppn/PPN-KLULES/cluster/stage3-slotpe-rank/stage3-cluster-bindcore-sechybrid-verkc-s40-i20-hyb1x96-8x12-27x3-20260504_170854/manifest.csv
/home/fzj/桌面/ppn/PPN-KLULES/cluster/stage3-slotpe-rank/stage3-cluster-bindcore-sechybrid-verkc-s40-i20-hyb1x96-8x12-27x3-20260504_170854,kc_hybrid_np27_t3_s40_i20_bindcore_20260504_170854,kc,hybrid,27,3,40,20,0.43,79824.829,2.803434e+08,3.725290e-09,PASS,yes,yes,no,no,no,node60,mlx5_0,27,3,/home/fzj/桌面/ppn/PPN-KLULES/cluster/stage3-slotpe-rank/stage3-cluster-bindcore-sechybrid-verkc-s40-i20-hyb1x96-8x12-27x3-20260504_170854/kc_hybrid_np27_t3_s40_i20_bindcore_20260504_170854.metrics.csv,/home/fzj/桌面/ppn/PPN-KLULES/cluster/stage3-slotpe-rank/stage3-cluster-bindcore-sechybrid-verkc-s40-i20-hyb1x96-8x12-27x3-20260504_170854/kc_hybrid_np27_t3_s40_i20_bindcore_20260504_170854.log,/home/fzj/桌面/ppn/PPN-KLULES/cluster/stage3-slotpe-rank/stage3-cluster-bindcore-sechybrid-verkc-s40-i20-hyb1x96-8x12-27x3-20260504_170854/kc_hybrid_np27_t3_s40_i20_bindcore_20260504_170854.slurm.out,/home/fzj/桌面/ppn/PPN-KLULES/cluster/stage3-slotpe-rank/stage3-cluster-bindcore-sechybrid-verkc-s40-i20-hyb1x96-8x12-27x3-20260504_170854/kc_hybrid_np27_t3_s40_i20_bindcore_20260504_170854.slurm.err,/home/fzj/桌面/ppn/PPN-KLULES/cluster/stage3-slotpe-rank/stage3-cluster-bindcore-sechybrid-verkc-s40-i20-hyb1x96-8x12-27x3-20260504_170854/manifest.csv
/home/fzj/桌面/ppn/PPN-KLULES/cluster/stage3-slotpe-rank/stage3-cluster-bindcore-sechybrid-verkc-s40-i20-hyb1x96-8x12-27x3-20260504_170854,kc_hybrid_np8_t12_s40_i20_bindcore_20260504_170854,kc,hybrid,8,12,40,20,0.13,77051.573,8.306471e+07,2.793968e-09,PASS,yes,yes,no,no,no,node60,mlx5_0,8,12,/home/fzj/桌面/ppn/PPN-KLULES/cluster/stage3-slotpe-rank/stage3-cluster-bindcore-sechybrid-verkc-s40-i20-hyb1x96-8x12-27x3-20260504_170854/kc_hybrid_np8_t12_s40_i20_bindcore_20260504_170854.metrics.csv,/home/fzj/桌面/ppn/PPN-KLULES/cluster/stage3-slotpe-rank/stage3-cluster-bindcore-sechybrid-verkc-s40-i20-hyb1x96-8x12-27x3-20260504_170854/kc_hybrid_np8_t12_s40_i20_bindcore_20260504_170854.log,/home/fzj/桌面/ppn/PPN-KLULES/cluster/stage3-slotpe-rank/stage3-cluster-bindcore-sechybrid-verkc-s40-i20-hyb1x96-8x12-27x3-20260504_170854/kc_hybrid_np8_t12_s40_i20_bindcore_20260504_170854.slurm.out,/home/fzj/桌面/ppn/PPN-KLULES/cluster/stage3-slotpe-rank/stage3-cluster-bindcore-sechybrid-verkc-s40-i20-hyb1x96-8x12-27x3-20260504_170854/kc_hybrid_np8_t12_s40_i20_bindcore_20260504_170854.slurm.err,/home/fzj/桌面/ppn/PPN-KLULES/cluster/stage3-slotpe-rank/stage3-cluster-bindcore-sechybrid-verkc-s40-i20-hyb1x96-8x12-27x3-20260504_170854/manifest.csv
/home/fzj/桌面/ppn/PPN-KLULES/cluster/stage3-slotpe-rank/stage3-cluster-bindcore-sechybrid-verkc-s40-i20-hyb8x11-8x12-20260504_170758,kc_hybrid_np8_t11_s40_i20_bindcore_20260504_170758,kc,hybrid,8,11,40,20,0.14,70891.544,8.306471e+07,2.793968e-09,PASS,yes,yes,no,no,no,node60,mlx5_0,8,11,/home/fzj/桌面/ppn/PPN-KLULES/cluster/stage3-slotpe-rank/stage3-cluster-bindcore-sechybrid-verkc-s40-i20-hyb8x11-8x12-20260504_170758/kc_hybrid_np8_t11_s40_i20_bindcore_20260504_170758.metrics.csv,/home/fzj/桌面/ppn/PPN-KLULES/cluster/stage3-slotpe-rank/stage3-cluster-bindcore-sechybrid-verkc-s40-i20-hyb8x11-8x12-20260504_170758/kc_hybrid_np8_t11_s40_i20_bindcore_20260504_170758.log,/home/fzj/桌面/ppn/PPN-KLULES/cluster/stage3-slotpe-rank/stage3-cluster-bindcore-sechybrid-verkc-s40-i20-hyb8x11-8x12-20260504_170758/kc_hybrid_np8_t11_s40_i20_bindcore_20260504_170758.slurm.out,/home/fzj/桌面/ppn/PPN-KLULES/cluster/stage3-slotpe-rank/stage3-cluster-bindcore-sechybrid-verkc-s40-i20-hyb8x11-8x12-20260504_170758/kc_hybrid_np8_t11_s40_i20_bindcore_20260504_170758.slurm.err,/home/fzj/桌面/ppn/PPN-KLULES/cluster/stage3-slotpe-rank/stage3-cluster-bindcore-sechybrid-verkc-s40-i20-hyb8x11-8x12-20260504_170758/manifest.csv
/home/fzj/桌面/ppn/PPN-KLULES/cluster/stage3-slotpe-rank/stage3-cluster-bindcore-sechybrid-verkc-s40-i20-hyb8x11-8x12-20260504_170758,kc_hybrid_np8_t12_s40_i20_bindcore_20260504_170758,kc,hybrid,8,12,40,20,0.14,74626.322,8.306471e+07,2.793968e-09,PASS,yes,yes,no,no,no,node60,mlx5_0,8,12,/home/fzj/桌面/ppn/PPN-KLULES/cluster/stage3-slotpe-rank/stage3-cluster-bindcore-sechybrid-verkc-s40-i20-hyb8x11-8x12-20260504_170758/kc_hybrid_np8_t12_s40_i20_bindcore_20260504_170758.metrics.csv,/home/fzj/桌面/ppn/PPN-KLULES/cluster/stage3-slotpe-rank/stage3-cluster-bindcore-sechybrid-verkc-s40-i20-hyb8x11-8x12-20260504_170758/kc_hybrid_np8_t12_s40_i20_bindcore_20260504_170758.log,/home/fzj/桌面/ppn/PPN-KLULES/cluster/stage3-slotpe-rank/stage3-cluster-bindcore-sechybrid-verkc-s40-i20-hyb8x11-8x12-20260504_170758/kc_hybrid_np8_t12_s40_i20_bindcore_20260504_170758.slurm.out,/home/fzj/桌面/ppn/PPN-KLULES/cluster/stage3-slotpe-rank/stage3-cluster-bindcore-sechybrid-verkc-s40-i20-hyb8x11-8x12-20260504_170758/kc_hybrid_np8_t12_s40_i20_bindcore_20260504_170758.slurm.err,/home/fzj/桌面/ppn/PPN-KLULES/cluster/stage3-slotpe-rank/stage3-cluster-bindcore-sechybrid-verkc-s40-i20-hyb8x11-8x12-20260504_170758/manifest.csv
/home/fzj/桌面/ppn/PPN-KLULES/cluster/stage3-slotpe-rank/stage3-cluster-bindcore-sechybrid-verkc-s40-i20-hyb8x4-8x8-8x10-20260504_170739,kc_hybrid_np8_t10_s40_i20_bindcore_20260504_170739,kc,hybrid,8,10,40,20,0.15,68208.462,8.306471e+07,2.793968e-09,PASS,yes,yes,no,no,no,node60,mlx5_0,8,10,/home/fzj/桌面/ppn/PPN-KLULES/cluster/stage3-slotpe-rank/stage3-cluster-bindcore-sechybrid-verkc-s40-i20-hyb8x4-8x8-8x10-20260504_170739/kc_hybrid_np8_t10_s40_i20_bindcore_20260504_170739.metrics.csv,/home/fzj/桌面/ppn/PPN-KLULES/cluster/stage3-slotpe-rank/stage3-cluster-bindcore-sechybrid-verkc-s40-i20-hyb8x4-8x8-8x10-20260504_170739/kc_hybrid_np8_t10_s40_i20_bindcore_20260504_170739.log,/home/fzj/桌面/ppn/PPN-KLULES/cluster/stage3-slotpe-rank/stage3-cluster-bindcore-sechybrid-verkc-s40-i20-hyb8x4-8x8-8x10-20260504_170739/kc_hybrid_np8_t10_s40_i20_bindcore_20260504_170739.slurm.out,/home/fzj/桌面/ppn/PPN-KLULES/cluster/stage3-slotpe-rank/stage3-cluster-bindcore-sechybrid-verkc-s40-i20-hyb8x4-8x8-8x10-20260504_170739/kc_hybrid_np8_t10_s40_i20_bindcore_20260504_170739.slurm.err,/home/fzj/桌面/ppn/PPN-KLULES/cluster/stage3-slotpe-rank/stage3-cluster-bindcore-sechybrid-verkc-s40-i20-hyb8x4-8x8-8x10-20260504_170739/manifest.csv
/home/fzj/桌面/ppn/PPN-KLULES/cluster/stage3-slotpe-rank/stage3-cluster-bindcore-sechybrid-verkc-s40-i20-hyb8x4-8x8-8x10-20260504_170739,kc_hybrid_np8_t4_s40_i20_bindcore_20260504_170739,kc,hybrid,8,4,40,20,0.30,33976.701,8.306471e+07,2.793968e-09,PASS,yes,yes,no,no,no,node60,mlx5_0,8,4,/home/fzj/桌面/ppn/PPN-KLULES/cluster/stage3-slotpe-rank/stage3-cluster-bindcore-sechybrid-verkc-s40-i20-hyb8x4-8x8-8x10-20260504_170739/kc_hybrid_np8_t4_s40_i20_bindcore_20260504_170739.metrics.csv,/home/fzj/桌面/ppn/PPN-KLULES/cluster/stage3-slotpe-rank/stage3-cluster-bindcore-sechybrid-verkc-s40-i20-hyb8x4-8x8-8x10-20260504_170739/kc_hybrid_np8_t4_s40_i20_bindcore_20260504_170739.log,/home/fzj/桌面/ppn/PPN-KLULES/cluster/stage3-slotpe-rank/stage3-cluster-bindcore-sechybrid-verkc-s40-i20-hyb8x4-8x8-8x10-20260504_170739/kc_hybrid_np8_t4_s40_i20_bindcore_20260504_170739.slurm.out,/home/fzj/桌面/ppn/PPN-KLULES/cluster/stage3-slotpe-rank/stage3-cluster-bindcore-sechybrid-verkc-s40-i20-hyb8x4-8x8-8x10-20260504_170739/kc_hybrid_np8_t4_s40_i20_bindcore_20260504_170739.slurm.err,/home/fzj/桌面/ppn/PPN-KLULES/cluster/stage3-slotpe-rank/stage3-cluster-bindcore-sechybrid-verkc-s40-i20-hyb8x4-8x8-8x10-20260504_170739/manifest.csv
/home/fzj/桌面/ppn/PPN-KLULES/cluster/stage3-slotpe-rank/stage3-cluster-bindcore-sechybrid-verkc-s40-i20-hyb8x4-8x8-8x10-20260504_170739,kc_hybrid_np8_t8_s40_i20_bindcore_20260504_170739,kc,hybrid,8,8,40,20,0.17,60348.892,8.306471e+07,2.793968e-09,PASS,yes,yes,no,no,no,node60,mlx5_0,8,8,/home/fzj/桌面/ppn/PPN-KLULES/cluster/stage3-slotpe-rank/stage3-cluster-bindcore-sechybrid-verkc-s40-i20-hyb8x4-8x8-8x10-20260504_170739/kc_hybrid_np8_t8_s40_i20_bindcore_20260504_170739.metrics.csv,/home/fzj/桌面/ppn/PPN-KLULES/cluster/stage3-slotpe-rank/stage3-cluster-bindcore-sechybrid-verkc-s40-i20-hyb8x4-8x8-8x10-20260504_170739/kc_hybrid_np8_t8_s40_i20_bindcore_20260504_170739.log,/home/fzj/桌面/ppn/PPN-KLULES/cluster/stage3-slotpe-rank/stage3-cluster-bindcore-sechybrid-verkc-s40-i20-hyb8x4-8x8-8x10-20260504_170739/kc_hybrid_np8_t8_s40_i20_bindcore_20260504_170739.slurm.out,/home/fzj/桌面/ppn/PPN-KLULES/cluster/stage3-slotpe-rank/stage3-cluster-bindcore-sechybrid-verkc-s40-i20-hyb8x4-8x8-8x10-20260504_170739/kc_hybrid_np8_t8_s40_i20_bindcore_20260504_170739.slurm.err,/home/fzj/桌面/ppn/PPN-KLULES/cluster/stage3-slotpe-rank/stage3-cluster-bindcore-sechybrid-verkc-s40-i20-hyb8x4-8x8-8x10-20260504_170739/manifest.csv
/home/fzj/桌面/ppn/PPN-KLULES/cluster/stage3-slotpe-rank/stage3-cluster-bindcore-sechybrid-verkc-s80-i20-hyb1x96-8x12-27x3-20260504_170022,kc_hybrid_np1_t96_s80_i20_bindcore_20260504_170022,kc,hybrid,1,96,80,20,0.19,55014.425,8.306471e+07,2.793968e-09,PASS,yes,yes,no,no,no,node60,mlx5_0,1,96,/home/fzj/桌面/ppn/PPN-KLULES/cluster/stage3-slotpe-rank/stage3-cluster-bindcore-sechybrid-verkc-s80-i20-hyb1x96-8x12-27x3-20260504_170022/kc_hybrid_np1_t96_s80_i20_bindcore_20260504_170022.metrics.csv,/home/fzj/桌面/ppn/PPN-KLULES/cluster/stage3-slotpe-rank/stage3-cluster-bindcore-sechybrid-verkc-s80-i20-hyb1x96-8x12-27x3-20260504_170022/kc_hybrid_np1_t96_s80_i20_bindcore_20260504_170022.log,/home/fzj/桌面/ppn/PPN-KLULES/cluster/stage3-slotpe-rank/stage3-cluster-bindcore-sechybrid-verkc-s80-i20-hyb1x96-8x12-27x3-20260504_170022/kc_hybrid_np1_t96_s80_i20_bindcore_20260504_170022.slurm.out,/home/fzj/桌面/ppn/PPN-KLULES/cluster/stage3-slotpe-rank/stage3-cluster-bindcore-sechybrid-verkc-s80-i20-hyb1x96-8x12-27x3-20260504_170022/kc_hybrid_np1_t96_s80_i20_bindcore_20260504_170022.slurm.err,/home/fzj/桌面/ppn/PPN-KLULES/cluster/stage3-slotpe-rank/stage3-cluster-bindcore-sechybrid-verkc-s80-i20-hyb1x96-8x12-27x3-20260504_170022/manifest.csv
/home/fzj/桌面/ppn/PPN-KLULES/cluster/stage3-slotpe-rank/stage3-cluster-bindcore-sechybrid-verkc-s80-i20-hyb1x96-8x12-27x3-20260504_170022,kc_hybrid_np27_t3_s80_i20_bindcore_20260504_170022,kc,hybrid,27,3,80,20,5.65,48947.959,2.242747e+09,2.086163e-07,PASS,yes,yes,no,no,no,node60,mlx5_0,27,3,/home/fzj/桌面/ppn/PPN-KLULES/cluster/stage3-slotpe-rank/stage3-cluster-bindcore-sechybrid-verkc-s80-i20-hyb1x96-8x12-27x3-20260504_170022/kc_hybrid_np27_t3_s80_i20_bindcore_20260504_170022.metrics.csv,/home/fzj/桌面/ppn/PPN-KLULES/cluster/stage3-slotpe-rank/stage3-cluster-bindcore-sechybrid-verkc-s80-i20-hyb1x96-8x12-27x3-20260504_170022/kc_hybrid_np27_t3_s80_i20_bindcore_20260504_170022.log,/home/fzj/桌面/ppn/PPN-KLULES/cluster/stage3-slotpe-rank/stage3-cluster-bindcore-sechybrid-verkc-s80-i20-hyb1x96-8x12-27x3-20260504_170022/kc_hybrid_np27_t3_s80_i20_bindcore_20260504_170022.slurm.out,/home/fzj/桌面/ppn/PPN-KLULES/cluster/stage3-slotpe-rank/stage3-cluster-bindcore-sechybrid-verkc-s80-i20-hyb1x96-8x12-27x3-20260504_170022/kc_hybrid_np27_t3_s80_i20_bindcore_20260504_170022.slurm.err,/home/fzj/桌面/ppn/PPN-KLULES/cluster/stage3-slotpe-rank/stage3-cluster-bindcore-sechybrid-verkc-s80-i20-hyb1x96-8x12-27x3-20260504_170022/manifest.csv
/home/fzj/桌面/ppn/PPN-KLULES/cluster/stage3-slotpe-rank/stage3-cluster-bindcore-sechybrid-verkc-s80-i20-hyb1x96-8x12-27x3-20260504_170022,kc_hybrid_np8_t12_s80_i20_bindcore_20260504_170022,kc,hybrid,8,12,80,20,0.89,92375.315,6.645177e+08,7.450581e-09,PASS,yes,yes,no,no,no,node60,mlx5_0,8,12,/home/fzj/桌面/ppn/PPN-KLULES/cluster/stage3-slotpe-rank/stage3-cluster-bindcore-sechybrid-verkc-s80-i20-hyb1x96-8x12-27x3-20260504_170022/kc_hybrid_np8_t12_s80_i20_bindcore_20260504_170022.metrics.csv,/home/fzj/桌面/ppn/PPN-KLULES/cluster/stage3-slotpe-rank/stage3-cluster-bindcore-sechybrid-verkc-s80-i20-hyb1x96-8x12-27x3-20260504_170022/kc_hybrid_np8_t12_s80_i20_bindcore_20260504_170022.log,/home/fzj/桌面/ppn/PPN-KLULES/cluster/stage3-slotpe-rank/stage3-cluster-bindcore-sechybrid-verkc-s80-i20-hyb1x96-8x12-27x3-20260504_170022/kc_hybrid_np8_t12_s80_i20_bindcore_20260504_170022.slurm.out,/home/fzj/桌面/ppn/PPN-KLULES/cluster/stage3-slotpe-rank/stage3-cluster-bindcore-sechybrid-verkc-s80-i20-hyb1x96-8x12-27x3-20260504_170022/kc_hybrid_np8_t12_s80_i20_bindcore_20260504_170022.slurm.err,/home/fzj/桌面/ppn/PPN-KLULES/cluster/stage3-slotpe-rank/stage3-cluster-bindcore-sechybrid-verkc-s80-i20-hyb1x96-8x12-27x3-20260504_170022/manifest.csv
/home/fzj/桌面/ppn/PPN-KLULES/cluster/stage3-slotpe-rank/stage3-cluster-bindcore-sechybrid-verkc-s80-i20-hyb8x11-8x12-20260504_165736,kc_hybrid_np8_t11_s80_i20_bindcore_20260504_165736,kc,hybrid,8,11,80,20,0.95,86674.44,6.645177e+08,7.450581e-09,PASS,yes,yes,no,no,no,node60,mlx5_0,8,11,/home/fzj/桌面/ppn/PPN-KLULES/cluster/stage3-slotpe-rank/stage3-cluster-bindcore-sechybrid-verkc-s80-i20-hyb8x11-8x12-20260504_165736/kc_hybrid_np8_t11_s80_i20_bindcore_20260504_165736.metrics.csv,/home/fzj/桌面/ppn/PPN-KLULES/cluster/stage3-slotpe-rank/stage3-cluster-bindcore-sechybrid-verkc-s80-i20-hyb8x11-8x12-20260504_165736/kc_hybrid_np8_t11_s80_i20_bindcore_20260504_165736.log,/home/fzj/桌面/ppn/PPN-KLULES/cluster/stage3-slotpe-rank/stage3-cluster-bindcore-sechybrid-verkc-s80-i20-hyb8x11-8x12-20260504_165736/kc_hybrid_np8_t11_s80_i20_bindcore_20260504_165736.slurm.out,/home/fzj/桌面/ppn/PPN-KLULES/cluster/stage3-slotpe-rank/stage3-cluster-bindcore-sechybrid-verkc-s80-i20-hyb8x11-8x12-20260504_165736/kc_hybrid_np8_t11_s80_i20_bindcore_20260504_165736.slurm.err,/home/fzj/桌面/ppn/PPN-KLULES/cluster/stage3-slotpe-rank/stage3-cluster-bindcore-sechybrid-verkc-s80-i20-hyb8x11-8x12-20260504_165736/manifest.csv
/home/fzj/桌面/ppn/PPN-KLULES/cluster/stage3-slotpe-rank/stage3-cluster-bindcore-sechybrid-verkc-s80-i20-hyb8x11-8x12-20260504_165736,kc_hybrid_np8_t12_s80_i20_bindcore_20260504_165736,kc,hybrid,8,12,80,20,0.88,92573.235,6.645177e+08,7.450581e-09,PASS,yes,yes,no,no,no,node60,mlx5_0,8,12,/home/fzj/桌面/ppn/PPN-KLULES/cluster/stage3-slotpe-rank/stage3-cluster-bindcore-sechybrid-verkc-s80-i20-hyb8x11-8x12-20260504_165736/kc_hybrid_np8_t12_s80_i20_bindcore_20260504_165736.metrics.csv,/home/fzj/桌面/ppn/PPN-KLULES/cluster/stage3-slotpe-rank/stage3-cluster-bindcore-sechybrid-verkc-s80-i20-hyb8x11-8x12-20260504_165736/kc_hybrid_np8_t12_s80_i20_bindcore_20260504_165736.log,/home/fzj/桌面/ppn/PPN-KLULES/cluster/stage3-slotpe-rank/stage3-cluster-bindcore-sechybrid-verkc-s80-i20-hyb8x11-8x12-20260504_165736/kc_hybrid_np8_t12_s80_i20_bindcore_20260504_165736.slurm.out,/home/fzj/桌面/ppn/PPN-KLULES/cluster/stage3-slotpe-rank/stage3-cluster-bindcore-sechybrid-verkc-s80-i20-hyb8x11-8x12-20260504_165736/kc_hybrid_np8_t12_s80_i20_bindcore_20260504_165736.slurm.err,/home/fzj/桌面/ppn/PPN-KLULES/cluster/stage3-slotpe-rank/stage3-cluster-bindcore-sechybrid-verkc-s80-i20-hyb8x11-8x12-20260504_165736/manifest.csv
/home/fzj/桌面/ppn/PPN-KLULES/cluster/stage3-slotpe-rank/stage3-cluster-bindcore-sechybrid-verkc-s80-i20-hyb8x4-8x8-8x10-20260504_165618,kc_hybrid_np8_t10_s80_i20_bindcore_20260504_165618,kc,hybrid,8,10,80,20,1.04,78974.336,6.645177e+08,7.450581e-09,PASS,yes,yes,no,no,no,node60,mlx5_0,8,10,/home/fzj/桌面/ppn/PPN-KLULES/cluster/stage3-slotpe-rank/stage3-cluster-bindcore-sechybrid-verkc-s80-i20-hyb8x4-8x8-8x10-20260504_165618/kc_hybrid_np8_t10_s80_i20_bindcore_20260504_165618.metrics.csv,/home/fzj/桌面/ppn/PPN-KLULES/cluster/stage3-slotpe-rank/stage3-cluster-bindcore-sechybrid-verkc-s80-i20-hyb8x4-8x8-8x10-20260504_165618/kc_hybrid_np8_t10_s80_i20_bindcore_20260504_165618.log,/home/fzj/桌面/ppn/PPN-KLULES/cluster/stage3-slotpe-rank/stage3-cluster-bindcore-sechybrid-verkc-s80-i20-hyb8x4-8x8-8x10-20260504_165618/kc_hybrid_np8_t10_s80_i20_bindcore_20260504_165618.slurm.out,/home/fzj/桌面/ppn/PPN-KLULES/cluster/stage3-slotpe-rank/stage3-cluster-bindcore-sechybrid-verkc-s80-i20-hyb8x4-8x8-8x10-20260504_165618/kc_hybrid_np8_t10_s80_i20_bindcore_20260504_165618.slurm.err,/home/fzj/桌面/ppn/PPN-KLULES/cluster/stage3-slotpe-rank/stage3-cluster-bindcore-sechybrid-verkc-s80-i20-hyb8x4-8x8-8x10-20260504_165618/manifest.csv
/home/fzj/桌面/ppn/PPN-KLULES/cluster/stage3-slotpe-rank/stage3-cluster-bindcore-sechybrid-verkc-s80-i20-hyb8x4-8x8-8x10-20260504_165618,kc_hybrid_np8_t4_s80_i20_bindcore_20260504_165618,kc,hybrid,8,4,80,20,4.22,19412.327,6.645177e+08,7.450581e-09,PASS,yes,yes,no,no,no,node60,mlx5_0,8,4,/home/fzj/桌面/ppn/PPN-KLULES/cluster/stage3-slotpe-rank/stage3-cluster-bindcore-sechybrid-verkc-s80-i20-hyb8x4-8x8-8x10-20260504_165618/kc_hybrid_np8_t4_s80_i20_bindcore_20260504_165618.metrics.csv,/home/fzj/桌面/ppn/PPN-KLULES/cluster/stage3-slotpe-rank/stage3-cluster-bindcore-sechybrid-verkc-s80-i20-hyb8x4-8x8-8x10-20260504_165618/kc_hybrid_np8_t4_s80_i20_bindcore_20260504_165618.log,/home/fzj/桌面/ppn/PPN-KLULES/cluster/stage3-slotpe-rank/stage3-cluster-bindcore-sechybrid-verkc-s80-i20-hyb8x4-8x8-8x10-20260504_165618/kc_hybrid_np8_t4_s80_i20_bindcore_20260504_165618.slurm.out,/home/fzj/桌面/ppn/PPN-KLULES/cluster/stage3-slotpe-rank/stage3-cluster-bindcore-sechybrid-verkc-s80-i20-hyb8x4-8x8-8x10-20260504_165618/kc_hybrid_np8_t4_s80_i20_bindcore_20260504_165618.slurm.err,/home/fzj/桌面/ppn/PPN-KLULES/cluster/stage3-slotpe-rank/stage3-cluster-bindcore-sechybrid-verkc-s80-i20-hyb8x4-8x8-8x10-20260504_165618/manifest.csv
/home/fzj/桌面/ppn/PPN-KLULES/cluster/stage3-slotpe-rank/stage3-cluster-bindcore-sechybrid-verkc-s80-i20-hyb8x4-8x8-8x10-20260504_165618,kc_hybrid_np8_t8_s80_i20_bindcore_20260504_165618,kc,hybrid,8,8,80,20,1.29,63574.498,6.645177e+08,7.450581e-09,PASS,yes,yes,no,no,no,node60,mlx5_0,8,8,/home/fzj/桌面/ppn/PPN-KLULES/cluster/stage3-slotpe-rank/stage3-cluster-bindcore-sechybrid-verkc-s80-i20-hyb8x4-8x8-8x10-20260504_165618/kc_hybrid_np8_t8_s80_i20_bindcore_20260504_165618.metrics.csv,/home/fzj/桌面/ppn/PPN-KLULES/cluster/stage3-slotpe-rank/stage3-cluster-bindcore-sechybrid-verkc-s80-i20-hyb8x4-8x8-8x10-20260504_165618/kc_hybrid_np8_t8_s80_i20_bindcore_20260504_165618.log,/home/fzj/桌面/ppn/PPN-KLULES/cluster/stage3-slotpe-rank/stage3-cluster-bindcore-sechybrid-verkc-s80-i20-hyb8x4-8x8-8x10-20260504_165618/kc_hybrid_np8_t8_s80_i20_bindcore_20260504_165618.slurm.out,/home/fzj/桌面/ppn/PPN-KLULES/cluster/stage3-slotpe-rank/stage3-cluster-bindcore-sechybrid-verkc-s80-i20-hyb8x4-8x8-8x10-20260504_165618/kc_hybrid_np8_t8_s80_i20_bindcore_20260504_165618.slurm.err,/home/fzj/桌面/ppn/PPN-KLULES/cluster/stage3-slotpe-rank/stage3-cluster-bindcore-sechybrid-verkc-s80-i20-hyb8x4-8x8-8x10-20260504_165618/manifest.csv
/home/fzj/桌面/ppn/PPN-KLULES/cluster/stage3-slotpe-rank/stage3-slotpe-hybrid-baseline-s120-8x12-20260506_235255,baseline_hybrid_np8_t12_s120_i20_bindcore_20260506_235255,baseline,hybrid,8,12,120,20,4.9,56423.888,2.242747e+09,2.086163e-07,PASS,yes,yes,no,no,no,node24,mlx5_0,8,12,/home/fzj/桌面/ppn/PPN-KLULES/cluster/stage3-slotpe-rank/stage3-slotpe-hybrid-baseline-s120-8x12-20260506_235255/baseline_hybrid_np8_t12_s120_i20_bindcore_20260506_235255.metrics.csv,/home/fzj/桌面/ppn/PPN-KLULES/cluster/stage3-slotpe-rank/stage3-slotpe-hybrid-baseline-s120-8x12-20260506_235255/baseline_hybrid_np8_t12_s120_i20_bindcore_20260506_235255.log,/home/fzj/桌面/ppn/PPN-KLULES/cluster/stage3-slotpe-rank/stage3-slotpe-hybrid-baseline-s120-8x12-20260506_235255/baseline_hybrid_np8_t12_s120_i20_bindcore_20260506_235255.slurm.out,/home/fzj/桌面/ppn/PPN-KLULES/cluster/stage3-slotpe-rank/stage3-slotpe-hybrid-baseline-s120-8x12-20260506_235255/baseline_hybrid_np8_t12_s120_i20_bindcore_20260506_235255.slurm.err,/home/fzj/桌面/ppn/PPN-KLULES/cluster/stage3-slotpe-rank/stage3-slotpe-hybrid-baseline-s120-8x12-20260506_235255/manifest.csv
/home/fzj/桌面/ppn/PPN-KLULES/cluster/stage3-slotpe-rank/stage3-slotpe-hybrid-baseline-s160-8x12-20260507_005606,baseline_hybrid_np8_t12_s160_i20_bindcore_20260507_005606,baseline,hybrid,8,12,160,20,13,50990.235,5.316142e+09,3.576279e-07,PASS,yes,yes,no,no,no,node24,mlx5_0,8,12,/home/fzj/桌面/ppn/PPN-KLULES/cluster/stage3-slotpe-rank/stage3-slotpe-hybrid-baseline-s160-8x12-20260507_005606/baseline_hybrid_np8_t12_s160_i20_bindcore_20260507_005606.metrics.csv,/home/fzj/桌面/ppn/PPN-KLULES/cluster/stage3-slotpe-rank/stage3-slotpe-hybrid-baseline-s160-8x12-20260507_005606/baseline_hybrid_np8_t12_s160_i20_bindcore_20260507_005606.log,/home/fzj/桌面/ppn/PPN-KLULES/cluster/stage3-slotpe-rank/stage3-slotpe-hybrid-baseline-s160-8x12-20260507_005606/baseline_hybrid_np8_t12_s160_i20_bindcore_20260507_005606.slurm.out,/home/fzj/桌面/ppn/PPN-KLULES/cluster/stage3-slotpe-rank/stage3-slotpe-hybrid-baseline-s160-8x12-20260507_005606/baseline_hybrid_np8_t12_s160_i20_bindcore_20260507_005606.slurm.err,/home/fzj/桌面/ppn/PPN-KLULES/cluster/stage3-slotpe-rank/stage3-slotpe-hybrid-baseline-s160-8x12-20260507_005606/manifest.csv
/home/fzj/桌面/ppn/PPN-KLULES/cluster/stage3-slotpe-rank/stage3-slotpe-hybrid-kc-s120-8x12-20260506_235349,kc_hybrid_np8_t12_s120_i20_bindcore_20260506_235349,kc,hybrid,8,12,120,20,2.76,100208.59,2.242747e+09,2.086163e-07,PASS,yes,yes,no,no,no,node24,mlx5_0,8,12,/home/fzj/桌面/ppn/PPN-KLULES/cluster/stage3-slotpe-rank/stage3-slotpe-hybrid-kc-s120-8x12-20260506_235349/kc_hybrid_np8_t12_s120_i20_bindcore_20260506_235349.metrics.csv,/home/fzj/桌面/ppn/PPN-KLULES/cluster/stage3-slotpe-rank/stage3-slotpe-hybrid-kc-s120-8x12-20260506_235349/kc_hybrid_np8_t12_s120_i20_bindcore_20260506_235349.log,/home/fzj/桌面/ppn/PPN-KLULES/cluster/stage3-slotpe-rank/stage3-slotpe-hybrid-kc-s120-8x12-20260506_235349/kc_hybrid_np8_t12_s120_i20_bindcore_20260506_235349.slurm.out,/home/fzj/桌面/ppn/PPN-KLULES/cluster/stage3-slotpe-rank/stage3-slotpe-hybrid-kc-s120-8x12-20260506_235349/kc_hybrid_np8_t12_s120_i20_bindcore_20260506_235349.slurm.err,/home/fzj/桌面/ppn/PPN-KLULES/cluster/stage3-slotpe-rank/stage3-slotpe-hybrid-kc-s120-8x12-20260506_235349/manifest.csv
/home/fzj/桌面/ppn/PPN-KLULES/cluster/stage3-slotpe-rank/stage3-slotpe-hybrid-kc-s160-8x12-20260507_005639,kc_hybrid_np8_t12_s160_i20_bindcore_20260507_005639,kc,hybrid,8,12,160,20,7.52,87206.827,5.316142e+09,3.576279e-07,PASS,yes,yes,no,no,no,node24,mlx5_0,8,12,/home/fzj/桌面/ppn/PPN-KLULES/cluster/stage3-slotpe-rank/stage3-slotpe-hybrid-kc-s160-8x12-20260507_005639/kc_hybrid_np8_t12_s160_i20_bindcore_20260507_005639.metrics.csv,/home/fzj/桌面/ppn/PPN-KLULES/cluster/stage3-slotpe-rank/stage3-slotpe-hybrid-kc-s160-8x12-20260507_005639/kc_hybrid_np8_t12_s160_i20_bindcore_20260507_005639.log,/home/fzj/桌面/ppn/PPN-KLULES/cluster/stage3-slotpe-rank/stage3-slotpe-hybrid-kc-s160-8x12-20260507_005639/kc_hybrid_np8_t12_s160_i20_bindcore_20260507_005639.slurm.out,/home/fzj/桌面/ppn/PPN-KLULES/cluster/stage3-slotpe-rank/stage3-slotpe-hybrid-kc-s160-8x12-20260507_005639/kc_hybrid_np8_t12_s160_i20_bindcore_20260507_005639.slurm.err,/home/fzj/桌面/ppn/PPN-KLULES/cluster/stage3-slotpe-rank/stage3-slotpe-hybrid-kc-s160-8x12-20260507_005639/manifest.csv
